test,approach,answer,time
email-Enron,DPFH-WCC,1,2206447
email-Enron,DPFH-WCC,2,2206475
email-Enron,DPFH-WCC,3,2206478
email-Enron,DPFH-WCC,4,2206479
email-Enron,DPFH-WCC,5,2206481
email-Enron,DPFH-WCC,6,2206483
email-Enron,DPFH-WCC,7,2206484
email-Enron,DPFH-WCC,8,2206486
email-Enron,DPFH-WCC,9,2206488
email-Enron,DPFH-WCC,10,2206490
email-Enron,DPFH-WCC,11,2206492
email-Enron,DPFH-WCC,12,2206494
email-Enron,DPFH-WCC,13,2206496
email-Enron,DPFH-WCC,14,2206498
email-Enron,DPFH-WCC,15,2206500
email-Enron,DPFH-WCC,16,2206502
email-Enron,DPFH-WCC,17,2206503
email-Enron,DPFH-WCC,18,2206506
email-Enron,DPFH-WCC,19,2206507
email-Enron,DPFH-WCC,20,2206509
email-Enron,DPFH-WCC,21,2206511
email-Enron,DPFH-WCC,22,2206513
email-Enron,DPFH-WCC,23,2206515
email-Enron,DPFH-WCC,24,2206517
email-Enron,DPFH-WCC,25,2206519
email-Enron,DPFH-WCC,26,2206520
email-Enron,DPFH-WCC,27,2206522
email-Enron,DPFH-WCC,28,2206524
email-Enron,DPFH-WCC,29,2206526
email-Enron,DPFH-WCC,30,2206528
email-Enron,DPFH-WCC,31,2206530
email-Enron,DPFH-WCC,32,2206532
email-Enron,DPFH-WCC,33,2206533
email-Enron,DPFH-WCC,34,2206535
email-Enron,DPFH-WCC,35,2206537
email-Enron,DPFH-WCC,36,2206540
email-Enron,DPFH-WCC,37,2206541
email-Enron,DPFH-WCC,38,2206543
email-Enron,DPFH-WCC,39,2206545
email-Enron,DPFH-WCC,40,2206547
email-Enron,DPFH-WCC,41,2206549
email-Enron,DPFH-WCC,42,2206551
email-Enron,DPFH-WCC,43,2206553
email-Enron,DPFH-WCC,44,2206555
email-Enron,DPFH-WCC,45,2206556
email-Enron,DPFH-WCC,46,2206558
email-Enron,DPFH-WCC,47,2206560
email-Enron,DPFH-WCC,48,2206562
email-Enron,DPFH-WCC,49,2206564
email-Enron,DPFH-WCC,50,2206566
email-Enron,DPFH-WCC,51,2206567
email-Enron,DPFH-WCC,52,2206569
email-Enron,DPFH-WCC,53,2206572
email-Enron,DPFH-WCC,54,2206573
email-Enron,DPFH-WCC,55,2206575
email-Enron,DPFH-WCC,56,2206577
email-Enron,DPFH-WCC,57,2206579
email-Enron,DPFH-WCC,58,2206581
email-Enron,DPFH-WCC,59,2206582
email-Enron,DPFH-WCC,60,2206584
email-Enron,DPFH-WCC,61,2206586
email-Enron,DPFH-WCC,62,2206588
email-Enron,DPFH-WCC,63,2206590
email-Enron,DPFH-WCC,64,2206592
email-Enron,DPFH-WCC,65,2206594
email-Enron,DPFH-WCC,66,2206595
email-Enron,DPFH-WCC,67,2206597
email-Enron,DPFH-WCC,68,2206599
email-Enron,DPFH-WCC,69,2206601
email-Enron,DPFH-WCC,70,2206603
email-Enron,DPFH-WCC,71,2206605
email-Enron,DPFH-WCC,72,2206607
email-Enron,DPFH-WCC,73,2206608
email-Enron,DPFH-WCC,74,2206611
email-Enron,DPFH-WCC,75,2206612
email-Enron,DPFH-WCC,76,2206614
email-Enron,DPFH-WCC,77,2206616
email-Enron,DPFH-WCC,78,2206618
email-Enron,DPFH-WCC,79,2206620
email-Enron,DPFH-WCC,80,2206621
email-Enron,DPFH-WCC,81,2206624
email-Enron,DPFH-WCC,82,2206625
email-Enron,DPFH-WCC,83,2206627
email-Enron,DPFH-WCC,84,2206629
email-Enron,DPFH-WCC,85,2206631
email-Enron,DPFH-WCC,86,2206633
email-Enron,DPFH-WCC,87,2206635
email-Enron,DPFH-WCC,88,2206637
email-Enron,DPFH-WCC,89,2206638
email-Enron,DPFH-WCC,90,2206640
email-Enron,DPFH-WCC,91,2206642
email-Enron,DPFH-WCC,92,2206644
email-Enron,DPFH-WCC,93,2206646
email-Enron,DPFH-WCC,94,2206647
email-Enron,DPFH-WCC,95,2206649
email-Enron,DPFH-WCC,96,2206651
email-Enron,DPFH-WCC,97,2206653
email-Enron,DPFH-WCC,98,2206655
email-Enron,DPFH-WCC,99,2206657
email-Enron,DPFH-WCC,100,2206659
email-Enron,DPFH-WCC,101,2206661
email-Enron,DPFH-WCC,102,2206663
email-Enron,DPFH-WCC,103,2206665
email-Enron,DPFH-WCC,104,2206667
email-Enron,DPFH-WCC,105,2206669
email-Enron,DPFH-WCC,106,2206671
email-Enron,DPFH-WCC,107,2206673
email-Enron,DPFH-WCC,108,2206674
email-Enron,DPFH-WCC,109,2206677
email-Enron,DPFH-WCC,110,2206678
email-Enron,DPFH-WCC,111,2206680
email-Enron,DPFH-WCC,112,2206682
email-Enron,DPFH-WCC,113,2206684
email-Enron,DPFH-WCC,114,2206686
email-Enron,DPFH-WCC,115,2206688
email-Enron,DPFH-WCC,116,2206690
email-Enron,DPFH-WCC,117,2206692
email-Enron,DPFH-WCC,118,2206694
email-Enron,DPFH-WCC,119,2206696
email-Enron,DPFH-WCC,120,2206698
email-Enron,DPFH-WCC,121,2206700
email-Enron,DPFH-WCC,122,2206702
email-Enron,DPFH-WCC,123,2206704
email-Enron,DPFH-WCC,124,2206706
email-Enron,DPFH-WCC,125,2206708
email-Enron,DPFH-WCC,126,2206709
email-Enron,DPFH-WCC,127,2206711
email-Enron,DPFH-WCC,128,2206713
email-Enron,DPFH-WCC,129,2206715
email-Enron,DPFH-WCC,130,2206717
email-Enron,DPFH-WCC,131,2206719
email-Enron,DPFH-WCC,132,2206721
email-Enron,DPFH-WCC,133,2206723
email-Enron,DPFH-WCC,134,2206725
email-Enron,DPFH-WCC,135,2206727
email-Enron,DPFH-WCC,136,2206729
email-Enron,DPFH-WCC,137,2206731
email-Enron,DPFH-WCC,138,2206732
email-Enron,DPFH-WCC,139,2206735
email-Enron,DPFH-WCC,140,2206736
email-Enron,DPFH-WCC,141,2206738
email-Enron,DPFH-WCC,142,2206740
email-Enron,DPFH-WCC,143,2206742
email-Enron,DPFH-WCC,144,2206744
email-Enron,DPFH-WCC,145,2206746
email-Enron,DPFH-WCC,146,2206748
email-Enron,DPFH-WCC,147,2206750
email-Enron,DPFH-WCC,148,2206752
email-Enron,DPFH-WCC,149,2206754
email-Enron,DPFH-WCC,150,2206756
email-Enron,DPFH-WCC,151,2206758
email-Enron,DPFH-WCC,152,2206760
email-Enron,DPFH-WCC,153,2206762
email-Enron,DPFH-WCC,154,2206764
email-Enron,DPFH-WCC,155,2206766
email-Enron,DPFH-WCC,156,2206767
email-Enron,DPFH-WCC,157,2206770
email-Enron,DPFH-WCC,158,2206772
email-Enron,DPFH-WCC,159,2206774
email-Enron,DPFH-WCC,160,2206775
email-Enron,DPFH-WCC,161,2206777
email-Enron,DPFH-WCC,162,2207218
email-Enron,DPFH-WCC,163,2207226
email-Enron,DPFH-WCC,164,2207229
email-Enron,DPFH-WCC,165,2207231
email-Enron,DPFH-WCC,166,2207233
email-Enron,DPFH-WCC,167,2207234
email-Enron,DPFH-WCC,168,2207236
email-Enron,DPFH-WCC,169,2207238
email-Enron,DPFH-WCC,170,2207239
email-Enron,DPFH-WCC,171,2207241
email-Enron,DPFH-WCC,172,2207243
email-Enron,DPFH-WCC,173,2207245
email-Enron,DPFH-WCC,174,2207246
email-Enron,DPFH-WCC,175,2207248
email-Enron,DPFH-WCC,176,2207249
email-Enron,DPFH-WCC,177,2207251
email-Enron,DPFH-WCC,178,2207253
email-Enron,DPFH-WCC,179,2207254
email-Enron,DPFH-WCC,180,2207256
email-Enron,DPFH-WCC,181,2207258
email-Enron,DPFH-WCC,182,2207259
email-Enron,DPFH-WCC,183,2207261
email-Enron,DPFH-WCC,184,2207263
email-Enron,DPFH-WCC,185,2207264
email-Enron,DPFH-WCC,186,2207266
email-Enron,DPFH-WCC,187,2207267
email-Enron,DPFH-WCC,188,2207269
email-Enron,DPFH-WCC,189,2207271
email-Enron,DPFH-WCC,190,2207273
email-Enron,DPFH-WCC,191,2207274
email-Enron,DPFH-WCC,192,2207276
email-Enron,DPFH-WCC,193,2207277
email-Enron,DPFH-WCC,194,2207279
email-Enron,DPFH-WCC,195,2207281
email-Enron,DPFH-WCC,196,2207282
email-Enron,DPFH-WCC,197,2207284
email-Enron,DPFH-WCC,198,2207286
email-Enron,DPFH-WCC,199,2207287
email-Enron,DPFH-WCC,200,2207289
email-Enron,DPFH-WCC,201,2207291
email-Enron,DPFH-WCC,202,2207292
email-Enron,DPFH-WCC,203,2207294
email-Enron,DPFH-WCC,204,2207296
email-Enron,DPFH-WCC,205,2207297
email-Enron,DPFH-WCC,206,2207299
email-Enron,DPFH-WCC,207,2207301
email-Enron,DPFH-WCC,208,2207302
email-Enron,DPFH-WCC,209,2207304
email-Enron,DPFH-WCC,210,2207305
email-Enron,DPFH-WCC,211,2207307
email-Enron,DPFH-WCC,212,2207309
email-Enron,DPFH-WCC,213,2207310
email-Enron,DPFH-WCC,214,2207312
email-Enron,DPFH-WCC,215,2207314
email-Enron,DPFH-WCC,216,2207315
email-Enron,DPFH-WCC,217,2207317
email-Enron,DPFH-WCC,218,2207319
email-Enron,DPFH-WCC,219,2207320
email-Enron,DPFH-WCC,220,2207322
email-Enron,DPFH-WCC,221,2207323
email-Enron,DPFH-WCC,222,2207325
email-Enron,DPFH-WCC,223,2207327
email-Enron,DPFH-WCC,224,2207329
email-Enron,DPFH-WCC,225,2207330
email-Enron,DPFH-WCC,226,2207332
email-Enron,DPFH-WCC,227,2207333
email-Enron,DPFH-WCC,228,2207335
email-Enron,DPFH-WCC,229,2207337
email-Enron,DPFH-WCC,230,2207338
email-Enron,DPFH-WCC,231,2207340
email-Enron,DPFH-WCC,232,2207342
email-Enron,DPFH-WCC,233,2207343
email-Enron,DPFH-WCC,234,2207345
email-Enron,DPFH-WCC,235,2207346
email-Enron,DPFH-WCC,236,2207348
email-Enron,DPFH-WCC,237,2207350
email-Enron,DPFH-WCC,238,2207351
email-Enron,DPFH-WCC,239,2207353
email-Enron,DPFH-WCC,240,2207355
email-Enron,DPFH-WCC,241,2207356
email-Enron,DPFH-WCC,242,2207358
email-Enron,DPFH-WCC,243,2207360
email-Enron,DPFH-WCC,244,2207361
email-Enron,DPFH-WCC,245,2207363
email-Enron,DPFH-WCC,246,2207364
email-Enron,DPFH-WCC,247,2207366
email-Enron,DPFH-WCC,248,2207368
email-Enron,DPFH-WCC,249,2207369
email-Enron,DPFH-WCC,250,2207371
email-Enron,DPFH-WCC,251,2207373
email-Enron,DPFH-WCC,252,2207374
email-Enron,DPFH-WCC,253,2207376
email-Enron,DPFH-WCC,254,2207378
email-Enron,DPFH-WCC,255,2207379
email-Enron,DPFH-WCC,256,2207381
email-Enron,DPFH-WCC,257,2207382
email-Enron,DPFH-WCC,258,2207384
email-Enron,DPFH-WCC,259,2207386
email-Enron,DPFH-WCC,260,2207387
email-Enron,DPFH-WCC,261,2207389
email-Enron,DPFH-WCC,262,2207391
email-Enron,DPFH-WCC,263,2207392
email-Enron,DPFH-WCC,264,2207394
email-Enron,DPFH-WCC,265,2207396
email-Enron,DPFH-WCC,266,2207397
email-Enron,DPFH-WCC,267,2207399
email-Enron,DPFH-WCC,268,2207401
email-Enron,DPFH-WCC,269,2207402
email-Enron,DPFH-WCC,270,2207404
email-Enron,DPFH-WCC,271,2207406
email-Enron,DPFH-WCC,272,2207408
email-Enron,DPFH-WCC,273,2207409
email-Enron,DPFH-WCC,274,2207411
email-Enron,DPFH-WCC,275,2207412
email-Enron,DPFH-WCC,276,2207414
email-Enron,DPFH-WCC,277,2207416
email-Enron,DPFH-WCC,278,2207417
email-Enron,DPFH-WCC,279,2207419
email-Enron,DPFH-WCC,280,2207420
email-Enron,DPFH-WCC,281,2207422
email-Enron,DPFH-WCC,282,2207424
email-Enron,DPFH-WCC,283,2207425
email-Enron,DPFH-WCC,284,2207427
email-Enron,DPFH-WCC,285,2207429
email-Enron,DPFH-WCC,286,2207430
email-Enron,DPFH-WCC,287,2207432
email-Enron,DPFH-WCC,288,2207433
email-Enron,DPFH-WCC,289,2207435
email-Enron,DPFH-WCC,290,2207437
email-Enron,DPFH-WCC,291,2207438
email-Enron,DPFH-WCC,292,2207440
email-Enron,DPFH-WCC,293,2207442
email-Enron,DPFH-WCC,294,2207443
email-Enron,DPFH-WCC,295,2207445
email-Enron,DPFH-WCC,296,2207447
email-Enron,DPFH-WCC,297,2207542
email-Enron,DPFH-WCC,298,2207547
email-Enron,DPFH-WCC,299,2207548
email-Enron,DPFH-WCC,300,2207550
email-Enron,DPFH-WCC,301,2207552
email-Enron,DPFH-WCC,302,2207553
email-Enron,DPFH-WCC,303,2207555
email-Enron,DPFH-WCC,304,2207557
email-Enron,DPFH-WCC,305,2207558
email-Enron,DPFH-WCC,306,2207560
email-Enron,DPFH-WCC,307,2207561
email-Enron,DPFH-WCC,308,2207563
email-Enron,DPFH-WCC,309,2207565
email-Enron,DPFH-WCC,310,2207566
email-Enron,DPFH-WCC,311,2207568
email-Enron,DPFH-WCC,312,2207570
email-Enron,DPFH-WCC,313,2207571
email-Enron,DPFH-WCC,314,2207573
email-Enron,DPFH-WCC,315,2207575
email-Enron,DPFH-WCC,316,2207576
email-Enron,DPFH-WCC,317,2207578
email-Enron,DPFH-WCC,318,2207580
email-Enron,DPFH-WCC,319,2207763
email-Enron,DPFH-WCC,320,2207771
email-Enron,DPFH-WCC,321,2207774
email-Enron,DPFH-WCC,322,2207776
email-Enron,DPFH-WCC,323,2207777
email-Enron,DPFH-WCC,324,2207779
email-Enron,DPFH-WCC,325,2207781
email-Enron,DPFH-WCC,326,2207782
email-Enron,DPFH-WCC,327,2207784
email-Enron,DPFH-WCC,328,2207785
email-Enron,DPFH-WCC,329,2207787
email-Enron,DPFH-WCC,330,2207789
email-Enron,DPFH-WCC,331,2207790
email-Enron,DPFH-WCC,332,2207792
email-Enron,DPFH-WCC,333,2207794
email-Enron,DPFH-WCC,334,2207795
email-Enron,DPFH-WCC,335,2207797
email-Enron,DPFH-WCC,336,2207798
email-Enron,DPFH-WCC,337,2207800
email-Enron,DPFH-WCC,338,2207802
email-Enron,DPFH-WCC,339,2207803
email-Enron,DPFH-WCC,340,2207805
email-Enron,DPFH-WCC,341,2207806
email-Enron,DPFH-WCC,342,2207808
email-Enron,DPFH-WCC,343,2207810
email-Enron,DPFH-WCC,344,2207811
email-Enron,DPFH-WCC,345,2207813
email-Enron,DPFH-WCC,346,2207814
email-Enron,DPFH-WCC,347,2207816
email-Enron,DPFH-WCC,348,2207818
email-Enron,DPFH-WCC,349,2207819
email-Enron,DPFH-WCC,350,2207821
email-Enron,DPFH-WCC,351,2207822
email-Enron,DPFH-WCC,352,2207824
email-Enron,DPFH-WCC,353,2207826
email-Enron,DPFH-WCC,354,2207827
email-Enron,DPFH-WCC,355,2207829
email-Enron,DPFH-WCC,356,2207831
email-Enron,DPFH-WCC,357,2207832
email-Enron,DPFH-WCC,358,2207834
email-Enron,DPFH-WCC,359,2207836
email-Enron,DPFH-WCC,360,2207837
email-Enron,DPFH-WCC,361,2207839
email-Enron,DPFH-WCC,362,2207840
email-Enron,DPFH-WCC,363,2207842
email-Enron,DPFH-WCC,364,2207844
email-Enron,DPFH-WCC,365,2207845
email-Enron,DPFH-WCC,366,2207847
email-Enron,DPFH-WCC,367,2207849
email-Enron,DPFH-WCC,368,2207850
email-Enron,DPFH-WCC,369,2207852
email-Enron,DPFH-WCC,370,2207853
email-Enron,DPFH-WCC,371,2207855
email-Enron,DPFH-WCC,372,2207857
email-Enron,DPFH-WCC,373,2207858
email-Enron,DPFH-WCC,374,2207860
email-Enron,DPFH-WCC,375,2207862
email-Enron,DPFH-WCC,376,2207863
email-Enron,DPFH-WCC,377,2207865
email-Enron,DPFH-WCC,378,2207866
email-Enron,DPFH-WCC,379,2207868
email-Enron,DPFH-WCC,380,2207870
email-Enron,DPFH-WCC,381,2207872
email-Enron,DPFH-WCC,382,2207873
email-Enron,DPFH-WCC,383,2207875
email-Enron,DPFH-WCC,384,2207876
email-Enron,DPFH-WCC,385,2207878
email-Enron,DPFH-WCC,386,2207880
email-Enron,DPFH-WCC,387,2207881
email-Enron,DPFH-WCC,388,2207883
email-Enron,DPFH-WCC,389,2207885
email-Enron,DPFH-WCC,390,2207886
email-Enron,DPFH-WCC,391,2207888
email-Enron,DPFH-WCC,392,2207889
email-Enron,DPFH-WCC,393,2207891
email-Enron,DPFH-WCC,394,2207893
email-Enron,DPFH-WCC,395,2207894
email-Enron,DPFH-WCC,396,2207896
email-Enron,DPFH-WCC,397,2207898
email-Enron,DPFH-WCC,398,2207899
email-Enron,DPFH-WCC,399,2207901
email-Enron,DPFH-WCC,400,2207903
email-Enron,DPFH-WCC,401,2207904
email-Enron,DPFH-WCC,402,2207906
email-Enron,DPFH-WCC,403,2207907
email-Enron,DPFH-WCC,404,2207909
email-Enron,DPFH-WCC,405,2207911
email-Enron,DPFH-WCC,406,2207912
email-Enron,DPFH-WCC,407,2207914
email-Enron,DPFH-WCC,408,2207916
email-Enron,DPFH-WCC,409,2207917
email-Enron,DPFH-WCC,410,2207919
email-Enron,DPFH-WCC,411,2207920
email-Enron,DPFH-WCC,412,2207922
email-Enron,DPFH-WCC,413,2207924
email-Enron,DPFH-WCC,414,2207925
email-Enron,DPFH-WCC,415,2207927
email-Enron,DPFH-WCC,416,2207929
email-Enron,DPFH-WCC,417,2207930
email-Enron,DPFH-WCC,418,2207932
email-Enron,DPFH-WCC,419,2207934
email-Enron,DPFH-WCC,420,2207935
email-Enron,DPFH-WCC,421,2207937
email-Enron,DPFH-WCC,422,2207939
email-Enron,DPFH-WCC,423,2207941
email-Enron,DPFH-WCC,424,2207942
email-Enron,DPFH-WCC,425,2207944
email-Enron,DPFH-WCC,426,2207946
email-Enron,DPFH-WCC,427,2207947
email-Enron,DPFH-WCC,428,2207949
email-Enron,DPFH-WCC,429,2207950
email-Enron,DPFH-WCC,430,2207952
email-Enron,DPFH-WCC,431,2207954
email-Enron,DPFH-WCC,432,2207955
email-Enron,DPFH-WCC,433,2207957
email-Enron,DPFH-WCC,434,2207959
email-Enron,DPFH-WCC,435,2207960
email-Enron,DPFH-WCC,436,2207962
email-Enron,DPFH-WCC,437,2207964
email-Enron,DPFH-WCC,438,2207966
email-Enron,DPFH-WCC,439,2207967
email-Enron,DPFH-WCC,440,2207969
email-Enron,DPFH-WCC,441,2207971
email-Enron,DPFH-WCC,442,2207972
email-Enron,DPFH-WCC,443,2207974
email-Enron,DPFH-WCC,444,2207976
email-Enron,DPFH-WCC,445,2207978
email-Enron,DPFH-WCC,446,2207979
email-Enron,DPFH-WCC,447,2207981
email-Enron,DPFH-WCC,448,2207983
email-Enron,DPFH-WCC,449,2207984
email-Enron,DPFH-WCC,450,2207986
email-Enron,DPFH-WCC,451,2207988
email-Enron,DPFH-WCC,452,2207989
email-Enron,DPFH-WCC,453,2207991
email-Enron,DPFH-WCC,454,2207993
email-Enron,DPFH-WCC,455,2207994
email-Enron,DPFH-WCC,456,2207996
email-Enron,DPFH-WCC,457,2207998
email-Enron,DPFH-WCC,458,2208000
email-Enron,DPFH-WCC,459,2208001
email-Enron,DPFH-WCC,460,2208003
email-Enron,DPFH-WCC,461,2208004
email-Enron,DPFH-WCC,462,2208006
email-Enron,DPFH-WCC,463,2208008
email-Enron,DPFH-WCC,464,2208009
email-Enron,DPFH-WCC,465,2208011
email-Enron,DPFH-WCC,466,2208013
email-Enron,DPFH-WCC,467,2208014
email-Enron,DPFH-WCC,468,2208016
email-Enron,DPFH-WCC,469,2208018
email-Enron,DPFH-WCC,470,2208019
email-Enron,DPFH-WCC,471,2208021
email-Enron,DPFH-WCC,472,2208023
email-Enron,DPFH-WCC,473,2208025
email-Enron,DPFH-WCC,474,2208026
email-Enron,DPFH-WCC,475,2208028
email-Enron,DPFH-WCC,476,2208103
email-Enron,DPFH-WCC,477,2208111
email-Enron,DPFH-WCC,478,2208113
email-Enron,DPFH-WCC,479,2208115
email-Enron,DPFH-WCC,480,2208116
email-Enron,DPFH-WCC,481,2208118
email-Enron,DPFH-WCC,482,2208119
email-Enron,DPFH-WCC,483,2208121
email-Enron,DPFH-WCC,484,2208123
email-Enron,DPFH-WCC,485,2208124
email-Enron,DPFH-WCC,486,2208126
email-Enron,DPFH-WCC,487,2208127
email-Enron,DPFH-WCC,488,2208129
email-Enron,DPFH-WCC,489,2208130
email-Enron,DPFH-WCC,490,2208132
email-Enron,DPFH-WCC,491,2208133
email-Enron,DPFH-WCC,492,2208135
email-Enron,DPFH-WCC,493,2208137
email-Enron,DPFH-WCC,494,2208138
email-Enron,DPFH-WCC,495,2208140
email-Enron,DPFH-WCC,496,2208141
email-Enron,DPFH-WCC,497,2208143
email-Enron,DPFH-WCC,498,2208144
email-Enron,DPFH-WCC,499,2208146
email-Enron,DPFH-WCC,500,2208148
email-Enron,DPFH-WCC,501,2208149
email-Enron,DPFH-WCC,502,2208151
email-Enron,DPFH-WCC,503,2208152
email-Enron,DPFH-WCC,504,2208154
email-Enron,DPFH-WCC,505,2208155
email-Enron,DPFH-WCC,506,2208157
email-Enron,DPFH-WCC,507,2208159
email-Enron,DPFH-WCC,508,2208160
email-Enron,DPFH-WCC,509,2208162
email-Enron,DPFH-WCC,510,2208163
email-Enron,DPFH-WCC,511,2208165
email-Enron,DPFH-WCC,512,2208166
email-Enron,DPFH-WCC,513,2208168
email-Enron,DPFH-WCC,514,2208169
email-Enron,DPFH-WCC,515,2208171
email-Enron,DPFH-WCC,516,2208172
email-Enron,DPFH-WCC,517,2208174
email-Enron,DPFH-WCC,518,2208176
email-Enron,DPFH-WCC,519,2208177
email-Enron,DPFH-WCC,520,2208179
email-Enron,DPFH-WCC,521,2208180
email-Enron,DPFH-WCC,522,2208182
email-Enron,DPFH-WCC,523,2208183
email-Enron,DPFH-WCC,524,2208185
email-Enron,DPFH-WCC,525,2208186
email-Enron,DPFH-WCC,526,2208188
email-Enron,DPFH-WCC,527,2208190
email-Enron,DPFH-WCC,528,2208191
email-Enron,DPFH-WCC,529,2208193
email-Enron,DPFH-WCC,530,2208194
email-Enron,DPFH-WCC,531,2208196
email-Enron,DPFH-WCC,532,2208197
email-Enron,DPFH-WCC,533,2208199
email-Enron,DPFH-WCC,534,2208200
email-Enron,DPFH-WCC,535,2208202
email-Enron,DPFH-WCC,536,2208204
email-Enron,DPFH-WCC,537,2208205
email-Enron,DPFH-WCC,538,2208207
email-Enron,DPFH-WCC,539,2208208
email-Enron,DPFH-WCC,540,2208210
email-Enron,DPFH-WCC,541,2208211
email-Enron,DPFH-WCC,542,2208213
email-Enron,DPFH-WCC,543,2208215
email-Enron,DPFH-WCC,544,2208216
email-Enron,DPFH-WCC,545,2208218
email-Enron,DPFH-WCC,546,2208219
email-Enron,DPFH-WCC,547,2208221
email-Enron,DPFH-WCC,548,2208222
email-Enron,DPFH-WCC,549,2208224
email-Enron,DPFH-WCC,550,2208226
email-Enron,DPFH-WCC,551,2208227
email-Enron,DPFH-WCC,552,2208229
email-Enron,DPFH-WCC,553,2208230
email-Enron,DPFH-WCC,554,2208232
email-Enron,DPFH-WCC,555,2208233
email-Enron,DPFH-WCC,556,2208235
email-Enron,DPFH-WCC,557,2208237
email-Enron,DPFH-WCC,558,2208238
email-Enron,DPFH-WCC,559,2208240
email-Enron,DPFH-WCC,560,2208241
email-Enron,DPFH-WCC,561,2208243
email-Enron,DPFH-WCC,562,2208245
email-Enron,DPFH-WCC,563,2208246
email-Enron,DPFH-WCC,564,2208248
email-Enron,DPFH-WCC,565,2208249
email-Enron,DPFH-WCC,566,2208251
email-Enron,DPFH-WCC,567,2208253
email-Enron,DPFH-WCC,568,2208254
email-Enron,DPFH-WCC,569,2208256
email-Enron,DPFH-WCC,570,2208257
email-Enron,DPFH-WCC,571,2208259
email-Enron,DPFH-WCC,572,2208260
email-Enron,DPFH-WCC,573,2208262
email-Enron,DPFH-WCC,574,2208264
email-Enron,DPFH-WCC,575,2208265
email-Enron,DPFH-WCC,576,2208267
email-Enron,DPFH-WCC,577,2208269
email-Enron,DPFH-WCC,578,2208270
email-Enron,DPFH-WCC,579,2208272
email-Enron,DPFH-WCC,580,2208273
email-Enron,DPFH-WCC,581,2208275
email-Enron,DPFH-WCC,582,2208277
email-Enron,DPFH-WCC,583,2208278
email-Enron,DPFH-WCC,584,2208280
email-Enron,DPFH-WCC,585,2208281
email-Enron,DPFH-WCC,586,2208283
email-Enron,DPFH-WCC,587,2208284
email-Enron,DPFH-WCC,588,2208286
email-Enron,DPFH-WCC,589,2208288
email-Enron,DPFH-WCC,590,2208357
email-Enron,DPFH-WCC,591,2208364
email-Enron,DPFH-WCC,592,2208366
email-Enron,DPFH-WCC,593,2208368
email-Enron,DPFH-WCC,594,2208370
email-Enron,DPFH-WCC,595,2208371
email-Enron,DPFH-WCC,596,2208373
email-Enron,DPFH-WCC,597,2208375
email-Enron,DPFH-WCC,598,2208377
email-Enron,DPFH-WCC,599,2208378
email-Enron,DPFH-WCC,600,2208380
email-Enron,DPFH-WCC,601,2208381
email-Enron,DPFH-WCC,602,2208383
email-Enron,DPFH-WCC,603,2208385
email-Enron,DPFH-WCC,604,2208386
email-Enron,DPFH-WCC,605,2208388
email-Enron,DPFH-WCC,606,2208389
email-Enron,DPFH-WCC,607,2208391
email-Enron,DPFH-WCC,608,2208393
email-Enron,DPFH-WCC,609,2208394
email-Enron,DPFH-WCC,610,2208396
email-Enron,DPFH-WCC,611,2208398
email-Enron,DPFH-WCC,612,2208399
email-Enron,DPFH-WCC,613,2208401
email-Enron,DPFH-WCC,614,2208402
email-Enron,DPFH-WCC,615,2208404
email-Enron,DPFH-WCC,616,2208406
email-Enron,DPFH-WCC,617,2208407
email-Enron,DPFH-WCC,618,2208409
email-Enron,DPFH-WCC,619,2208411
email-Enron,DPFH-WCC,620,2208412
email-Enron,DPFH-WCC,621,2208414
email-Enron,DPFH-WCC,622,2208416
email-Enron,DPFH-WCC,623,2208417
email-Enron,DPFH-WCC,624,2208419
email-Enron,DPFH-WCC,625,2208420
email-Enron,DPFH-WCC,626,2208422
email-Enron,DPFH-WCC,627,2208424
email-Enron,DPFH-WCC,628,2208425
email-Enron,DPFH-WCC,629,2208427
email-Enron,DPFH-WCC,630,2208429
email-Enron,DPFH-WCC,631,2208430
email-Enron,DPFH-WCC,632,2208432
email-Enron,DPFH-WCC,633,2208509
email-Enron,DPFH-WCC,634,2208517
email-Enron,DPFH-WCC,635,2208519
email-Enron,DPFH-WCC,636,2208521
email-Enron,DPFH-WCC,637,2208523
email-Enron,DPFH-WCC,638,2208524
email-Enron,DPFH-WCC,639,2208526
email-Enron,DPFH-WCC,640,2208528
email-Enron,DPFH-WCC,641,2208529
email-Enron,DPFH-WCC,642,2208531
email-Enron,DPFH-WCC,643,2208532
email-Enron,DPFH-WCC,644,2208534
email-Enron,DPFH-WCC,645,2208535
email-Enron,DPFH-WCC,646,2208537
email-Enron,DPFH-WCC,647,2208539
email-Enron,DPFH-WCC,648,2208540
email-Enron,DPFH-WCC,649,2208542
email-Enron,DPFH-WCC,650,2208543
email-Enron,DPFH-WCC,651,2208545
email-Enron,DPFH-WCC,652,2208546
email-Enron,DPFH-WCC,653,2208548
email-Enron,DPFH-WCC,654,2208550
email-Enron,DPFH-WCC,655,2208551
email-Enron,DPFH-WCC,656,2208553
email-Enron,DPFH-WCC,657,2208554
email-Enron,DPFH-WCC,658,2208556
email-Enron,DPFH-WCC,659,2208557
email-Enron,DPFH-WCC,660,2208559
email-Enron,DPFH-WCC,661,2208561
email-Enron,DPFH-WCC,662,2208562
email-Enron,DPFH-WCC,663,2208564
email-Enron,DPFH-WCC,664,2208565
email-Enron,DPFH-WCC,665,2208567
email-Enron,DPFH-WCC,666,2208568
email-Enron,DPFH-WCC,667,2208570
email-Enron,DPFH-WCC,668,2208572
email-Enron,DPFH-WCC,669,2208573
email-Enron,DPFH-WCC,670,2208575
email-Enron,DPFH-WCC,671,2208576
email-Enron,DPFH-WCC,672,2208578
email-Enron,DPFH-WCC,673,2208579
email-Enron,DPFH-WCC,674,2208581
email-Enron,DPFH-WCC,675,2208582
email-Enron,DPFH-WCC,676,2208584
email-Enron,DPFH-WCC,677,2208586
email-Enron,DPFH-WCC,678,2208587
email-Enron,DPFH-WCC,679,2208589
email-Enron,DPFH-WCC,680,2208590
email-Enron,DPFH-WCC,681,2208592
email-Enron,DPFH-WCC,682,2208593
email-Enron,DPFH-WCC,683,2208595
email-Enron,DPFH-WCC,684,2208596
email-Enron,DPFH-WCC,685,2208598
email-Enron,DPFH-WCC,686,2208600
email-Enron,DPFH-WCC,687,2208601
email-Enron,DPFH-WCC,688,2208603
email-Enron,DPFH-WCC,689,2208604
email-Enron,DPFH-WCC,690,2208606
email-Enron,DPFH-WCC,691,2208607
email-Enron,DPFH-WCC,692,2208609
email-Enron,DPFH-WCC,693,2208610
email-Enron,DPFH-WCC,694,2208612
email-Enron,DPFH-WCC,695,2208614
email-Enron,DPFH-WCC,696,2208615
email-Enron,DPFH-WCC,697,2208617
email-Enron,DPFH-WCC,698,2208618
email-Enron,DPFH-WCC,699,2208620
email-Enron,DPFH-WCC,700,2208621
email-Enron,DPFH-WCC,701,2208623
email-Enron,DPFH-WCC,702,2208625
email-Enron,DPFH-WCC,703,2208626
email-Enron,DPFH-WCC,704,2208628
email-Enron,DPFH-WCC,705,2208629
email-Enron,DPFH-WCC,706,2208631
email-Enron,DPFH-WCC,707,2208632
email-Enron,DPFH-WCC,708,2208634
email-Enron,DPFH-WCC,709,2208635
email-Enron,DPFH-WCC,710,2208637
email-Enron,DPFH-WCC,711,2208638
email-Enron,DPFH-WCC,712,2208640
email-Enron,DPFH-WCC,713,2208642
email-Enron,DPFH-WCC,714,2208643
email-Enron,DPFH-WCC,715,2208645
email-Enron,DPFH-WCC,716,2208646
email-Enron,DPFH-WCC,717,2208648
email-Enron,DPFH-WCC,718,2208649
email-Enron,DPFH-WCC,719,2208651
email-Enron,DPFH-WCC,720,2208652
email-Enron,DPFH-WCC,721,2208654
email-Enron,DPFH-WCC,722,2208656
email-Enron,DPFH-WCC,723,2208657
email-Enron,DPFH-WCC,724,2208659
email-Enron,DPFH-WCC,725,2208660
email-Enron,DPFH-WCC,726,2208662
email-Enron,DPFH-WCC,727,2208663
email-Enron,DPFH-WCC,728,2208665
email-Enron,DPFH-WCC,729,2208666
email-Enron,DPFH-WCC,730,2208668
email-Enron,DPFH-WCC,731,2208670
email-Enron,DPFH-WCC,732,2208671
email-Enron,DPFH-WCC,733,2208673
email-Enron,DPFH-WCC,734,2208674
email-Enron,DPFH-WCC,735,2208676
email-Enron,DPFH-WCC,736,2208677
email-Enron,DPFH-WCC,737,2208679
email-Enron,DPFH-WCC,738,2208680
email-Enron,DPFH-WCC,739,2208682
email-Enron,DPFH-WCC,740,2208684
email-Enron,DPFH-WCC,741,2208685
email-Enron,DPFH-WCC,742,2208687
email-Enron,DPFH-WCC,743,2208688
email-Enron,DPFH-WCC,744,2208690
email-Enron,DPFH-WCC,745,2208691
email-Enron,DPFH-WCC,746,2208693
email-Enron,DPFH-WCC,747,2208695
email-Enron,DPFH-WCC,748,2208696
email-Enron,DPFH-WCC,749,2208698
email-Enron,DPFH-WCC,750,2208699
email-Enron,DPFH-WCC,751,2208701
email-Enron,DPFH-WCC,752,2208702
email-Enron,DPFH-WCC,753,2208704
email-Enron,DPFH-WCC,754,2208705
email-Enron,DPFH-WCC,755,2208707
email-Enron,DPFH-WCC,756,2208708
email-Enron,DPFH-WCC,757,2208710
email-Enron,DPFH-WCC,758,2208712
email-Enron,DPFH-WCC,759,2208713
email-Enron,DPFH-WCC,760,2208715
email-Enron,DPFH-WCC,761,2208716
email-Enron,DPFH-WCC,762,2208718
email-Enron,DPFH-WCC,763,2208719
email-Enron,DPFH-WCC,764,2208721
email-Enron,DPFH-WCC,765,2208723
email-Enron,DPFH-WCC,766,2208724
email-Enron,DPFH-WCC,767,2208726
email-Enron,DPFH-WCC,768,2208727
email-Enron,DPFH-WCC,769,2208729
email-Enron,DPFH-WCC,770,2208730
email-Enron,DPFH-WCC,771,2208732
email-Enron,DPFH-WCC,772,2208733
email-Enron,DPFH-WCC,773,2208735
email-Enron,DPFH-WCC,774,2208737
email-Enron,DPFH-WCC,775,2208738
email-Enron,DPFH-WCC,776,2208740
email-Enron,DPFH-WCC,777,2208741
email-Enron,DPFH-WCC,778,2208743
email-Enron,DPFH-WCC,779,2208744
email-Enron,DPFH-WCC,780,2208746
email-Enron,DPFH-WCC,781,2208747
email-Enron,DPFH-WCC,782,2208749
email-Enron,DPFH-WCC,783,2208750
email-Enron,DPFH-WCC,784,2208752
email-Enron,DPFH-WCC,785,2208754
email-Enron,DPFH-WCC,786,2208755
email-Enron,DPFH-WCC,787,2208757
email-Enron,DPFH-WCC,788,2208758
email-Enron,DPFH-WCC,789,2208760
email-Enron,DPFH-WCC,790,2208849
email-Enron,DPFH-WCC,791,2208852
email-Enron,DPFH-WCC,792,2208854
email-Enron,DPFH-WCC,793,2208856
email-Enron,DPFH-WCC,794,2208861
email-Enron,DPFH-WCC,795,2208863
email-Enron,DPFH-WCC,796,2208865
email-Enron,DPFH-WCC,797,2208866
email-Enron,DPFH-WCC,798,2208868
email-Enron,DPFH-WCC,799,2208870
email-Enron,DPFH-WCC,800,2208871
email-Enron,DPFH-WCC,801,2208873
email-Enron,DPFH-WCC,802,2208875
email-Enron,DPFH-WCC,803,2208876
email-Enron,DPFH-WCC,804,2208878
email-Enron,DPFH-WCC,805,2208879
email-Enron,DPFH-WCC,806,2208881
email-Enron,DPFH-WCC,807,2208883
email-Enron,DPFH-WCC,808,2208884
email-Enron,DPFH-WCC,809,2208886
email-Enron,DPFH-WCC,810,2208887
email-Enron,DPFH-WCC,811,2208889
email-Enron,DPFH-WCC,812,2208890
email-Enron,DPFH-WCC,813,2208892
email-Enron,DPFH-WCC,814,2208894
email-Enron,DPFH-WCC,815,2208895
email-Enron,DPFH-WCC,816,2208897
email-Enron,DPFH-WCC,817,2208898
email-Enron,DPFH-WCC,818,2208900
email-Enron,DPFH-WCC,819,2208901
email-Enron,DPFH-WCC,820,2208903
email-Enron,DPFH-WCC,821,2208905
email-Enron,DPFH-WCC,822,2208906
email-Enron,DPFH-WCC,823,2208908
email-Enron,DPFH-WCC,824,2208909
email-Enron,DPFH-WCC,825,2208911
email-Enron,DPFH-WCC,826,2208913
email-Enron,DPFH-WCC,827,2208914
email-Enron,DPFH-WCC,828,2208916
email-Enron,DPFH-WCC,829,2208917
email-Enron,DPFH-WCC,830,2208919
email-Enron,DPFH-WCC,831,2208921
email-Enron,DPFH-WCC,832,2208922
email-Enron,DPFH-WCC,833,2208924
email-Enron,DPFH-WCC,834,2208925
email-Enron,DPFH-WCC,835,2208927
email-Enron,DPFH-WCC,836,2208929
email-Enron,DPFH-WCC,837,2208930
email-Enron,DPFH-WCC,838,2208932
email-Enron,DPFH-WCC,839,2208933
email-Enron,DPFH-WCC,840,2208935
email-Enron,DPFH-WCC,841,2208936
email-Enron,DPFH-WCC,842,2208938
email-Enron,DPFH-WCC,843,2208940
email-Enron,DPFH-WCC,844,2208941
email-Enron,DPFH-WCC,845,2208943
email-Enron,DPFH-WCC,846,2208944
email-Enron,DPFH-WCC,847,2208946
email-Enron,DPFH-WCC,848,2208948
email-Enron,DPFH-WCC,849,2208949
email-Enron,DPFH-WCC,850,2208951
email-Enron,DPFH-WCC,851,2208952
email-Enron,DPFH-WCC,852,2208954
email-Enron,DPFH-WCC,853,2208956
email-Enron,DPFH-WCC,854,2208957
email-Enron,DPFH-WCC,855,2208959
email-Enron,DPFH-WCC,856,2208960
email-Enron,DPFH-WCC,857,2208962
email-Enron,DPFH-WCC,858,2208964
email-Enron,DPFH-WCC,859,2208965
email-Enron,DPFH-WCC,860,2208967
email-Enron,DPFH-WCC,861,2208968
email-Enron,DPFH-WCC,862,2208970
email-Enron,DPFH-WCC,863,2208972
email-Enron,DPFH-WCC,864,2208973
email-Enron,DPFH-WCC,865,2208975
email-Enron,DPFH-WCC,866,2208976
email-Enron,DPFH-WCC,867,2208978
email-Enron,DPFH-WCC,868,2208980
email-Enron,DPFH-WCC,869,2208981
email-Enron,DPFH-WCC,870,2208983
email-Enron,DPFH-WCC,871,2208984
email-Enron,DPFH-WCC,872,2208986
email-Enron,DPFH-WCC,873,2208988
email-Enron,DPFH-WCC,874,2208989
email-Enron,DPFH-WCC,875,2208991
email-Enron,DPFH-WCC,876,2208992
email-Enron,DPFH-WCC,877,2208994
email-Enron,DPFH-WCC,878,2208996
email-Enron,DPFH-WCC,879,2208997
email-Enron,DPFH-WCC,880,2208999
email-Enron,DPFH-WCC,881,2209000
email-Enron,DPFH-WCC,882,2209031
email-Enron,DPFH-WCC,883,2209034
email-Enron,DPFH-WCC,884,2209036
email-Enron,DPFH-WCC,885,2209037
email-Enron,DPFH-WCC,886,2209039
email-Enron,DPFH-WCC,887,2209041
email-Enron,DPFH-WCC,888,2209042
email-Enron,DPFH-WCC,889,2209044
email-Enron,DPFH-WCC,890,2209045
email-Enron,DPFH-WCC,891,2209047
email-Enron,DPFH-WCC,892,2209049
email-Enron,DPFH-WCC,893,2209050
email-Enron,DPFH-WCC,894,2209052
email-Enron,DPFH-WCC,895,2209053
email-Enron,DPFH-WCC,896,2209055
email-Enron,DPFH-WCC,897,2209056
email-Enron,DPFH-WCC,898,2209058
email-Enron,DPFH-WCC,899,2209060
email-Enron,DPFH-WCC,900,2209061
email-Enron,DPFH-WCC,901,2209063
email-Enron,DPFH-WCC,902,2209064
email-Enron,DPFH-WCC,903,2209066
email-Enron,DPFH-WCC,904,2209068
email-Enron,DPFH-WCC,905,2209069
email-Enron,DPFH-WCC,906,2209071
email-Enron,DPFH-WCC,907,2209072
email-Enron,DPFH-WCC,908,2209074
email-Enron,DPFH-WCC,909,2209076
email-Enron,DPFH-WCC,910,2209077
email-Enron,DPFH-WCC,911,2209079
email-Enron,DPFH-WCC,912,2209080
email-Enron,DPFH-WCC,913,2209082
email-Enron,DPFH-WCC,914,2209084
email-Enron,DPFH-WCC,915,2209085
email-Enron,DPFH-WCC,916,2209087
email-Enron,DPFH-WCC,917,2209088
email-Enron,DPFH-WCC,918,2209090
email-Enron,DPFH-WCC,919,2209091
email-Enron,DPFH-WCC,920,2209093
email-Enron,DPFH-WCC,921,2209095
email-Enron,DPFH-WCC,922,2209096
email-Enron,DPFH-WCC,923,2209098
email-Enron,DPFH-WCC,924,2209100
email-Enron,DPFH-WCC,925,2209101
email-Enron,DPFH-WCC,926,2209103
email-Enron,DPFH-WCC,927,2209104
email-Enron,DPFH-WCC,928,2209106
email-Enron,DPFH-WCC,929,2209108
email-Enron,DPFH-WCC,930,2209109
email-Enron,DPFH-WCC,931,2209111
email-Enron,DPFH-WCC,932,2209112
email-Enron,DPFH-WCC,933,2209114
email-Enron,DPFH-WCC,934,2209116
email-Enron,DPFH-WCC,935,2209117
email-Enron,DPFH-WCC,936,2209119
email-Enron,DPFH-WCC,937,2209120
email-Enron,DPFH-WCC,938,2209122
email-Enron,DPFH-WCC,939,2209124
email-Enron,DPFH-WCC,940,2209125
email-Enron,DPFH-WCC,941,2209127
email-Enron,DPFH-WCC,942,2209128
email-Enron,DPFH-WCC,943,2209130
email-Enron,DPFH-WCC,944,2209131
email-Enron,DPFH-WCC,945,2209133
email-Enron,DPFH-WCC,946,2209210
email-Enron,DPFH-WCC,947,2209218
email-Enron,DPFH-WCC,948,2209220
email-Enron,DPFH-WCC,949,2209222
email-Enron,DPFH-WCC,950,2209224
email-Enron,DPFH-WCC,951,2209225
email-Enron,DPFH-WCC,952,2209227
email-Enron,DPFH-WCC,953,2209228
email-Enron,DPFH-WCC,954,2209230
email-Enron,DPFH-WCC,955,2209232
email-Enron,DPFH-WCC,956,2209233
email-Enron,DPFH-WCC,957,2209235
email-Enron,DPFH-WCC,958,2209236
email-Enron,DPFH-WCC,959,2209238
email-Enron,DPFH-WCC,960,2209239
email-Enron,DPFH-WCC,961,2209241
email-Enron,DPFH-WCC,962,2209243
email-Enron,DPFH-WCC,963,2209244
email-Enron,DPFH-WCC,964,2209246
email-Enron,DPFH-WCC,965,2209247
email-Enron,DPFH-WCC,966,2209249
email-Enron,DPFH-WCC,967,2209250
email-Enron,DPFH-WCC,968,2209252
email-Enron,DPFH-WCC,969,2209254
email-Enron,DPFH-WCC,970,2209255
email-Enron,DPFH-WCC,971,2209257
email-Enron,DPFH-WCC,972,2209258
email-Enron,DPFH-WCC,973,2209260
email-Enron,DPFH-WCC,974,2209261
email-Enron,DPFH-WCC,975,2209263
email-Enron,DPFH-WCC,976,2209264
email-Enron,DPFH-WCC,977,2209266
email-Enron,DPFH-WCC,978,2209268
email-Enron,DPFH-WCC,979,2209269
email-Enron,DPFH-WCC,980,2209271
email-Enron,DPFH-WCC,981,2209272
email-Enron,DPFH-WCC,982,2209274
email-Enron,DPFH-WCC,983,2209275
email-Enron,DPFH-WCC,984,2209277
email-Enron,DPFH-WCC,985,2209278
email-Enron,DPFH-WCC,986,2209280
email-Enron,DPFH-WCC,987,2209282
email-Enron,DPFH-WCC,988,2209283
email-Enron,DPFH-WCC,989,2209285
email-Enron,DPFH-WCC,990,2209286
email-Enron,DPFH-WCC,991,2209288
email-Enron,DPFH-WCC,992,2209289
email-Enron,DPFH-WCC,993,2209291
email-Enron,DPFH-WCC,994,2209293
email-Enron,DPFH-WCC,995,2209294
email-Enron,DPFH-WCC,996,2209296
email-Enron,DPFH-WCC,997,2209297
email-Enron,DPFH-WCC,998,2209299
email-Enron,DPFH-WCC,999,2209300
email-Enron,DPFH-WCC,1000,2209302
email-Enron,DPFH-WCC,1001,2209304
email-Enron,DPFH-WCC,1002,2209305
email-Enron,DPFH-WCC,1003,2209307
email-Enron,DPFH-WCC,1004,2209309
email-Enron,DPFH-WCC,1005,2209310
email-Enron,DPFH-WCC,1006,2209312
email-Enron,DPFH-WCC,1007,2209313
email-Enron,DPFH-WCC,1008,2209315
email-Enron,DPFH-WCC,1009,2209316
email-Enron,DPFH-WCC,1010,2209318
email-Enron,DPFH-WCC,1011,2209320
email-Enron,DPFH-WCC,1012,2209321
email-Enron,DPFH-WCC,1013,2209323
email-Enron,DPFH-WCC,1014,2209324
email-Enron,DPFH-WCC,1015,2209326
email-Enron,DPFH-WCC,1016,2209328
email-Enron,DPFH-WCC,1017,2209329
email-Enron,DPFH-WCC,1018,2209331
email-Enron,DPFH-WCC,1019,2209332
email-Enron,DPFH-WCC,1020,2209334
email-Enron,DPFH-WCC,1021,2209335
email-Enron,DPFH-WCC,1022,2209337
email-Enron,DPFH-WCC,1023,2209339
email-Enron,DPFH-WCC,1024,2209340
email-Enron,DPFH-WCC,1025,2209342
email-Enron,DPFH-WCC,1026,2209344
email-Enron,DPFH-WCC,1027,2209345
email-Enron,DPFH-WCC,1028,2209347
email-Enron,DPFH-WCC,1029,2209348
email-Enron,DPFH-WCC,1030,2209350
email-Enron,DPFH-WCC,1031,2209352
email-Enron,DPFH-WCC,1032,2209353
email-Enron,DPFH-WCC,1033,2209355
email-Enron,DPFH-WCC,1034,2209356
email-Enron,DPFH-WCC,1035,2209358
email-Enron,DPFH-WCC,1036,2209360
email-Enron,DPFH-WCC,1037,2209361
email-Enron,DPFH-WCC,1038,2209363
email-Enron,DPFH-WCC,1039,2209364
email-Enron,DPFH-WCC,1040,2209366
email-Enron,DPFH-WCC,1041,2209367
email-Enron,DPFH-WCC,1042,2209369
email-Enron,DPFH-WCC,1043,2209371
email-Enron,DPFH-WCC,1044,2209372
email-Enron,DPFH-WCC,1045,2209374
email-Enron,DPFH-WCC,1046,2209375
email-Enron,DPFH-WCC,1047,2209377
email-Enron,DPFH-WCC,1048,2209378
email-Enron,DPFH-WCC,1049,2209380
email-Enron,DPFH-WCC,1050,2209382
email-Enron,DPFH-WCC,1051,2209383
email-Enron,DPFH-WCC,1052,2209385
email-Enron,DPFH-WCC,1053,2209386
email-Enron,DPFH-WCC,1054,2209388
email-Enron,DPFH-WCC,1055,2209389
email-Enron,DPFH-WCC,1056,2209391
email-Enron,DPFH-WCC,1057,2209393
email-Enron,DPFH-WCC,1058,2209394
email-Enron,DPFH-WCC,1059,2209396
email-Enron,DPFH-WCC,1060,2209397
email-Enron,DPFH-WCC,1061,2209399
email-Enron,DPFH-WCC,1062,2209400
email-Enron,DPFH-WCC,1063,2209402
email-Enron,DPFH-WCC,1064,2209404
email-Enron,DPFH-WCC,1065,2209405
email-Enron,DP-WCC,1,2900776
email-Enron,DP-WCC,2,2900833
email-Enron,DP-WCC,3,2900838
email-Enron,DP-WCC,4,2900842
email-Enron,DP-WCC,5,2900846
email-Enron,DP-WCC,6,2900850
email-Enron,DP-WCC,7,2900854
email-Enron,DP-WCC,8,2900858
email-Enron,DP-WCC,9,2900862
email-Enron,DP-WCC,10,2900866
email-Enron,DP-WCC,11,2900870
email-Enron,DP-WCC,12,2900874
email-Enron,DP-WCC,13,2900878
email-Enron,DP-WCC,14,2900882
email-Enron,DP-WCC,15,2900885
email-Enron,DP-WCC,16,2900889
email-Enron,DP-WCC,17,2900892
email-Enron,DP-WCC,18,2900896
email-Enron,DP-WCC,19,2900899
email-Enron,DP-WCC,20,2900903
email-Enron,DP-WCC,21,2900906
email-Enron,DP-WCC,22,2900909
email-Enron,DP-WCC,23,2900913
email-Enron,DP-WCC,24,2900916
email-Enron,DP-WCC,25,2900920
email-Enron,DP-WCC,26,2900923
email-Enron,DP-WCC,27,2900926
email-Enron,DP-WCC,28,2900929
email-Enron,DP-WCC,29,2900933
email-Enron,DP-WCC,30,2900936
email-Enron,DP-WCC,31,2900939
email-Enron,DP-WCC,32,2900943
email-Enron,DP-WCC,33,2900946
email-Enron,DP-WCC,34,2900950
email-Enron,DP-WCC,35,2900954
email-Enron,DP-WCC,36,2900958
email-Enron,DP-WCC,37,2900961
email-Enron,DP-WCC,38,2900965
email-Enron,DP-WCC,39,2900968
email-Enron,DP-WCC,40,2900971
email-Enron,DP-WCC,41,2900975
email-Enron,DP-WCC,42,2900978
email-Enron,DP-WCC,43,2900981
email-Enron,DP-WCC,44,2900985
email-Enron,DP-WCC,45,2900989
email-Enron,DP-WCC,46,2900992
email-Enron,DP-WCC,47,2900995
email-Enron,DP-WCC,48,2900999
email-Enron,DP-WCC,49,2901002
email-Enron,DP-WCC,50,2901006
email-Enron,DP-WCC,51,2901009
email-Enron,DP-WCC,52,2901012
email-Enron,DP-WCC,53,2901016
email-Enron,DP-WCC,54,2901019
email-Enron,DP-WCC,55,2901022
email-Enron,DP-WCC,56,2901026
email-Enron,DP-WCC,57,2901029
email-Enron,DP-WCC,58,2901032
email-Enron,DP-WCC,59,2901035
email-Enron,DP-WCC,60,2901039
email-Enron,DP-WCC,61,2901042
email-Enron,DP-WCC,62,2901045
email-Enron,DP-WCC,63,2901049
email-Enron,DP-WCC,64,2901052
email-Enron,DP-WCC,65,2901055
email-Enron,DP-WCC,66,2901058
email-Enron,DP-WCC,67,2901061
email-Enron,DP-WCC,68,2901065
email-Enron,DP-WCC,69,2901068
email-Enron,DP-WCC,70,2901071
email-Enron,DP-WCC,71,2901075
email-Enron,DP-WCC,72,2901078
email-Enron,DP-WCC,73,2901081
email-Enron,DP-WCC,74,2901085
email-Enron,DP-WCC,75,2901088
email-Enron,DP-WCC,76,2901092
email-Enron,DP-WCC,77,2901095
email-Enron,DP-WCC,78,2901098
email-Enron,DP-WCC,79,2901102
email-Enron,DP-WCC,80,2901106
email-Enron,DP-WCC,81,2901109
email-Enron,DP-WCC,82,2901112
email-Enron,DP-WCC,83,2901116
email-Enron,DP-WCC,84,2901119
email-Enron,DP-WCC,85,2901122
email-Enron,DP-WCC,86,2901126
email-Enron,DP-WCC,87,2901129
email-Enron,DP-WCC,88,2901132
email-Enron,DP-WCC,89,2901136
email-Enron,DP-WCC,90,2901139
email-Enron,DP-WCC,91,2901143
email-Enron,DP-WCC,92,2901146
email-Enron,DP-WCC,93,2901149
email-Enron,DP-WCC,94,2901153
email-Enron,DP-WCC,95,2901156
email-Enron,DP-WCC,96,2901160
email-Enron,DP-WCC,97,2901163
email-Enron,DP-WCC,98,2901167
email-Enron,DP-WCC,99,2901170
email-Enron,DP-WCC,100,2901173
email-Enron,DP-WCC,101,2901177
email-Enron,DP-WCC,102,2901180
email-Enron,DP-WCC,103,2901184
email-Enron,DP-WCC,104,2901188
email-Enron,DP-WCC,105,2901191
email-Enron,DP-WCC,106,2901195
email-Enron,DP-WCC,107,2901198
email-Enron,DP-WCC,108,2901202
email-Enron,DP-WCC,109,2901205
email-Enron,DP-WCC,110,2901208
email-Enron,DP-WCC,111,2901212
email-Enron,DP-WCC,112,2901215
email-Enron,DP-WCC,113,2901218
email-Enron,DP-WCC,114,2901221
email-Enron,DP-WCC,115,2901225
email-Enron,DP-WCC,116,2901228
email-Enron,DP-WCC,117,2901231
email-Enron,DP-WCC,118,2901235
email-Enron,DP-WCC,119,2901238
email-Enron,DP-WCC,120,2901241
email-Enron,DP-WCC,121,2901245
email-Enron,DP-WCC,122,2901248
email-Enron,DP-WCC,123,2901251
email-Enron,DP-WCC,124,2901254
email-Enron,DP-WCC,125,2901386
email-Enron,DP-WCC,126,2901393
email-Enron,DP-WCC,127,2901397
email-Enron,DP-WCC,128,2901400
email-Enron,DP-WCC,129,2901404
email-Enron,DP-WCC,130,2901407
email-Enron,DP-WCC,131,2901410
email-Enron,DP-WCC,132,2901414
email-Enron,DP-WCC,133,2901417
email-Enron,DP-WCC,134,2901420
email-Enron,DP-WCC,135,2901424
email-Enron,DP-WCC,136,2901427
email-Enron,DP-WCC,137,2901431
email-Enron,DP-WCC,138,2901434
email-Enron,DP-WCC,139,2901438
email-Enron,DP-WCC,140,2901441
email-Enron,DP-WCC,141,2901445
email-Enron,DP-WCC,142,2901450
email-Enron,DP-WCC,143,2901453
email-Enron,DP-WCC,144,2901457
email-Enron,DP-WCC,145,2901460
email-Enron,DP-WCC,146,2901464
email-Enron,DP-WCC,147,2901468
email-Enron,DP-WCC,148,2901472
email-Enron,DP-WCC,149,2901476
email-Enron,DP-WCC,150,2901479
email-Enron,DP-WCC,151,2901484
email-Enron,DP-WCC,152,2901488
email-Enron,DP-WCC,153,2901492
email-Enron,DP-WCC,154,2901495
email-Enron,DP-WCC,155,2901499
email-Enron,DP-WCC,156,2901503
email-Enron,DP-WCC,157,2901507
email-Enron,DP-WCC,158,2901511
email-Enron,DP-WCC,159,2901514
email-Enron,DP-WCC,160,2901517
email-Enron,DP-WCC,161,2901521
email-Enron,DP-WCC,162,2901524
email-Enron,DP-WCC,163,2901527
email-Enron,DP-WCC,164,2901530
email-Enron,DP-WCC,165,2901534
email-Enron,DP-WCC,166,2901537
email-Enron,DP-WCC,167,2901541
email-Enron,DP-WCC,168,2901545
email-Enron,DP-WCC,169,2901548
email-Enron,DP-WCC,170,2901552
email-Enron,DP-WCC,171,2901555
email-Enron,DP-WCC,172,2901559
email-Enron,DP-WCC,173,2901563
email-Enron,DP-WCC,174,2901567
email-Enron,DP-WCC,175,2901572
email-Enron,DP-WCC,176,2901575
email-Enron,DP-WCC,177,2901578
email-Enron,DP-WCC,178,2901581
email-Enron,DP-WCC,179,2901585
email-Enron,DP-WCC,180,2901588
email-Enron,DP-WCC,181,2901591
email-Enron,DP-WCC,182,2901595
email-Enron,DP-WCC,183,2901598
email-Enron,DP-WCC,184,2901601
email-Enron,DP-WCC,185,2901605
email-Enron,DP-WCC,186,2901608
email-Enron,DP-WCC,187,2901611
email-Enron,DP-WCC,188,2901615
email-Enron,DP-WCC,189,2901618
email-Enron,DP-WCC,190,2901621
email-Enron,DP-WCC,191,2901625
email-Enron,DP-WCC,192,2901628
email-Enron,DP-WCC,193,2901631
email-Enron,DP-WCC,194,2901635
email-Enron,DP-WCC,195,2901638
email-Enron,DP-WCC,196,2901641
email-Enron,DP-WCC,197,2901644
email-Enron,DP-WCC,198,2901648
email-Enron,DP-WCC,199,2901651
email-Enron,DP-WCC,200,2901654
email-Enron,DP-WCC,201,2901658
email-Enron,DP-WCC,202,2901661
email-Enron,DP-WCC,203,2901664
email-Enron,DP-WCC,204,2901667
email-Enron,DP-WCC,205,2901671
email-Enron,DP-WCC,206,2901674
email-Enron,DP-WCC,207,2901677
email-Enron,DP-WCC,208,2901681
email-Enron,DP-WCC,209,2901684
email-Enron,DP-WCC,210,2901687
email-Enron,DP-WCC,211,2901690
email-Enron,DP-WCC,212,2901694
email-Enron,DP-WCC,213,2901697
email-Enron,DP-WCC,214,2901700
email-Enron,DP-WCC,215,2901704
email-Enron,DP-WCC,216,2901707
email-Enron,DP-WCC,217,2901710
email-Enron,DP-WCC,218,2901714
email-Enron,DP-WCC,219,2901717
email-Enron,DP-WCC,220,2901720
email-Enron,DP-WCC,221,2901723
email-Enron,DP-WCC,222,2901726
email-Enron,DP-WCC,223,2901730
email-Enron,DP-WCC,224,2901733
email-Enron,DP-WCC,225,2901736
email-Enron,DP-WCC,226,2901739
email-Enron,DP-WCC,227,2901743
email-Enron,DP-WCC,228,2901746
email-Enron,DP-WCC,229,2901749
email-Enron,DP-WCC,230,2901752
email-Enron,DP-WCC,231,2901756
email-Enron,DP-WCC,232,2901759
email-Enron,DP-WCC,233,2901762
email-Enron,DP-WCC,234,2901765
email-Enron,DP-WCC,235,2901769
email-Enron,DP-WCC,236,2901772
email-Enron,DP-WCC,237,2901775
email-Enron,DP-WCC,238,2901779
email-Enron,DP-WCC,239,2901782
email-Enron,DP-WCC,240,2901785
email-Enron,DP-WCC,241,2901788
email-Enron,DP-WCC,242,2901791
email-Enron,DP-WCC,243,2901795
email-Enron,DP-WCC,244,2901798
email-Enron,DP-WCC,245,2901801
email-Enron,DP-WCC,246,2901805
email-Enron,DP-WCC,247,2901808
email-Enron,DP-WCC,248,2901811
email-Enron,DP-WCC,249,2901814
email-Enron,DP-WCC,250,2901818
email-Enron,DP-WCC,251,2901821
email-Enron,DP-WCC,252,2901824
email-Enron,DP-WCC,253,2901827
email-Enron,DP-WCC,254,2901830
email-Enron,DP-WCC,255,2901834
email-Enron,DP-WCC,256,2901837
email-Enron,DP-WCC,257,2901840
email-Enron,DP-WCC,258,2901843
email-Enron,DP-WCC,259,2901847
email-Enron,DP-WCC,260,2901850
email-Enron,DP-WCC,261,2901853
email-Enron,DP-WCC,262,2901856
email-Enron,DP-WCC,263,2901860
email-Enron,DP-WCC,264,2901863
email-Enron,DP-WCC,265,2901866
email-Enron,DP-WCC,266,2901869
email-Enron,DP-WCC,267,2901873
email-Enron,DP-WCC,268,2901876
email-Enron,DP-WCC,269,2901879
email-Enron,DP-WCC,270,2901882
email-Enron,DP-WCC,271,2901886
email-Enron,DP-WCC,272,2901889
email-Enron,DP-WCC,273,2901892
email-Enron,DP-WCC,274,2901895
email-Enron,DP-WCC,275,2901898
email-Enron,DP-WCC,276,2901902
email-Enron,DP-WCC,277,2901905
email-Enron,DP-WCC,278,2901908
email-Enron,DP-WCC,279,2901911
email-Enron,DP-WCC,280,2901915
email-Enron,DP-WCC,281,2901918
email-Enron,DP-WCC,282,2901921
email-Enron,DP-WCC,283,2901924
email-Enron,DP-WCC,284,2901928
email-Enron,DP-WCC,285,2901931
email-Enron,DP-WCC,286,2901934
email-Enron,DP-WCC,287,2901937
email-Enron,DP-WCC,288,2901941
email-Enron,DP-WCC,289,2902076
email-Enron,DP-WCC,290,2902079
email-Enron,DP-WCC,291,2902082
email-Enron,DP-WCC,292,2902084
email-Enron,DP-WCC,293,2902087
email-Enron,DP-WCC,294,2902089
email-Enron,DP-WCC,295,2902092
email-Enron,DP-WCC,296,2902094
email-Enron,DP-WCC,297,2902097
email-Enron,DP-WCC,298,2902100
email-Enron,DP-WCC,299,2902102
email-Enron,DP-WCC,300,2902105
email-Enron,DP-WCC,301,2902107
email-Enron,DP-WCC,302,2902110
email-Enron,DP-WCC,303,2902112
email-Enron,DP-WCC,304,2902115
email-Enron,DP-WCC,305,2902117
email-Enron,DP-WCC,306,2902120
email-Enron,DP-WCC,307,2902122
email-Enron,DP-WCC,308,2902125
email-Enron,DP-WCC,309,2902127
email-Enron,DP-WCC,310,2902130
email-Enron,DP-WCC,311,2902132
email-Enron,DP-WCC,312,2902135
email-Enron,DP-WCC,313,2902137
email-Enron,DP-WCC,314,2902140
email-Enron,DP-WCC,315,2902143
email-Enron,DP-WCC,316,2902145
email-Enron,DP-WCC,317,2902148
email-Enron,DP-WCC,318,2902150
email-Enron,DP-WCC,319,2902153
email-Enron,DP-WCC,320,2902231
email-Enron,DP-WCC,321,2902237
email-Enron,DP-WCC,322,2902239
email-Enron,DP-WCC,323,2902242
email-Enron,DP-WCC,324,2902245
email-Enron,DP-WCC,325,2902247
email-Enron,DP-WCC,326,2902250
email-Enron,DP-WCC,327,2902252
email-Enron,DP-WCC,328,2902255
email-Enron,DP-WCC,329,2902258
email-Enron,DP-WCC,330,2902260
email-Enron,DP-WCC,331,2902263
email-Enron,DP-WCC,332,2902265
email-Enron,DP-WCC,333,2902268
email-Enron,DP-WCC,334,2902270
email-Enron,DP-WCC,335,2902273
email-Enron,DP-WCC,336,2902275
email-Enron,DP-WCC,337,2902278
email-Enron,DP-WCC,338,2902280
email-Enron,DP-WCC,339,2902283
email-Enron,DP-WCC,340,2902285
email-Enron,DP-WCC,341,2902288
email-Enron,DP-WCC,342,2902291
email-Enron,DP-WCC,343,2902293
email-Enron,DP-WCC,344,2902296
email-Enron,DP-WCC,345,2902298
email-Enron,DP-WCC,346,2902301
email-Enron,DP-WCC,347,2902303
email-Enron,DP-WCC,348,2902306
email-Enron,DP-WCC,349,2902308
email-Enron,DP-WCC,350,2902311
email-Enron,DP-WCC,351,2902313
email-Enron,DP-WCC,352,2902316
email-Enron,DP-WCC,353,2902318
email-Enron,DP-WCC,354,2902321
email-Enron,DP-WCC,355,2902324
email-Enron,DP-WCC,356,2902326
email-Enron,DP-WCC,357,2902329
email-Enron,DP-WCC,358,2902331
email-Enron,DP-WCC,359,2902334
email-Enron,DP-WCC,360,2902336
email-Enron,DP-WCC,361,2902339
email-Enron,DP-WCC,362,2902341
email-Enron,DP-WCC,363,2902344
email-Enron,DP-WCC,364,2902347
email-Enron,DP-WCC,365,2902349
email-Enron,DP-WCC,366,2902352
email-Enron,DP-WCC,367,2902354
email-Enron,DP-WCC,368,2902357
email-Enron,DP-WCC,369,2902359
email-Enron,DP-WCC,370,2902362
email-Enron,DP-WCC,371,2902364
email-Enron,DP-WCC,372,2902367
email-Enron,DP-WCC,373,2902369
email-Enron,DP-WCC,374,2902372
email-Enron,DP-WCC,375,2902374
email-Enron,DP-WCC,376,2902377
email-Enron,DP-WCC,377,2902380
email-Enron,DP-WCC,378,2902382
email-Enron,DP-WCC,379,2902384
email-Enron,DP-WCC,380,2902387
email-Enron,DP-WCC,381,2902390
email-Enron,DP-WCC,382,2902392
email-Enron,DP-WCC,383,2902395
email-Enron,DP-WCC,384,2902397
email-Enron,DP-WCC,385,2902400
email-Enron,DP-WCC,386,2902402
email-Enron,DP-WCC,387,2902405
email-Enron,DP-WCC,388,2902407
email-Enron,DP-WCC,389,2902410
email-Enron,DP-WCC,390,2902412
email-Enron,DP-WCC,391,2902415
email-Enron,DP-WCC,392,2902417
email-Enron,DP-WCC,393,2902420
email-Enron,DP-WCC,394,2902422
email-Enron,DP-WCC,395,2902425
email-Enron,DP-WCC,396,2902427
email-Enron,DP-WCC,397,2902430
email-Enron,DP-WCC,398,2902433
email-Enron,DP-WCC,399,2902435
email-Enron,DP-WCC,400,2902438
email-Enron,DP-WCC,401,2902440
email-Enron,DP-WCC,402,2902443
email-Enron,DP-WCC,403,2902445
email-Enron,DP-WCC,404,2902448
email-Enron,DP-WCC,405,2902450
email-Enron,DP-WCC,406,2902453
email-Enron,DP-WCC,407,2902455
email-Enron,DP-WCC,408,2902458
email-Enron,DP-WCC,409,2902460
email-Enron,DP-WCC,410,2902463
email-Enron,DP-WCC,411,2902465
email-Enron,DP-WCC,412,2902468
email-Enron,DP-WCC,413,2902470
email-Enron,DP-WCC,414,2902473
email-Enron,DP-WCC,415,2902476
email-Enron,DP-WCC,416,2902478
email-Enron,DP-WCC,417,2902481
email-Enron,DP-WCC,418,2902483
email-Enron,DP-WCC,419,2902486
email-Enron,DP-WCC,420,2902488
email-Enron,DP-WCC,421,2902491
email-Enron,DP-WCC,422,2902493
email-Enron,DP-WCC,423,2902496
email-Enron,DP-WCC,424,2902498
email-Enron,DP-WCC,425,2902501
email-Enron,DP-WCC,426,2902503
email-Enron,DP-WCC,427,2902506
email-Enron,DP-WCC,428,2902508
email-Enron,DP-WCC,429,2902511
email-Enron,DP-WCC,430,2902513
email-Enron,DP-WCC,431,2902516
email-Enron,DP-WCC,432,2902518
email-Enron,DP-WCC,433,2902521
email-Enron,DP-WCC,434,2902523
email-Enron,DP-WCC,435,2902526
email-Enron,DP-WCC,436,2902529
email-Enron,DP-WCC,437,2902531
email-Enron,DP-WCC,438,2902534
email-Enron,DP-WCC,439,2902536
email-Enron,DP-WCC,440,2902539
email-Enron,DP-WCC,441,2902541
email-Enron,DP-WCC,442,2902544
email-Enron,DP-WCC,443,2902546
email-Enron,DP-WCC,444,2902549
email-Enron,DP-WCC,445,2902551
email-Enron,DP-WCC,446,2902554
email-Enron,DP-WCC,447,2902556
email-Enron,DP-WCC,448,2902559
email-Enron,DP-WCC,449,2902561
email-Enron,DP-WCC,450,2902564
email-Enron,DP-WCC,451,2902566
email-Enron,DP-WCC,452,2902569
email-Enron,DP-WCC,453,2902666
email-Enron,DP-WCC,454,2902675
email-Enron,DP-WCC,455,2902679
email-Enron,DP-WCC,456,2902682
email-Enron,DP-WCC,457,2902684
email-Enron,DP-WCC,458,2902687
email-Enron,DP-WCC,459,2902690
email-Enron,DP-WCC,460,2902692
email-Enron,DP-WCC,461,2902695
email-Enron,DP-WCC,462,2902698
email-Enron,DP-WCC,463,2902700
email-Enron,DP-WCC,464,2902703
email-Enron,DP-WCC,465,2902705
email-Enron,DP-WCC,466,2902708
email-Enron,DP-WCC,467,2902711
email-Enron,DP-WCC,468,2902713
email-Enron,DP-WCC,469,2902716
email-Enron,DP-WCC,470,2902719
email-Enron,DP-WCC,471,2902721
email-Enron,DP-WCC,472,2902724
email-Enron,DP-WCC,473,2902726
email-Enron,DP-WCC,474,2902729
email-Enron,DP-WCC,475,2902732
email-Enron,DP-WCC,476,2902734
email-Enron,DP-WCC,477,2902737
email-Enron,DP-WCC,478,2902740
email-Enron,DP-WCC,479,2902742
email-Enron,DP-WCC,480,2902745
email-Enron,DP-WCC,481,2902747
email-Enron,DP-WCC,482,2902750
email-Enron,DP-WCC,483,2902753
email-Enron,DP-WCC,484,2902756
email-Enron,DP-WCC,485,2902758
email-Enron,DP-WCC,486,2902761
email-Enron,DP-WCC,487,2902763
email-Enron,DP-WCC,488,2902766
email-Enron,DP-WCC,489,2902769
email-Enron,DP-WCC,490,2902771
email-Enron,DP-WCC,491,2902774
email-Enron,DP-WCC,492,2902777
email-Enron,DP-WCC,493,2902779
email-Enron,DP-WCC,494,2902782
email-Enron,DP-WCC,495,2902785
email-Enron,DP-WCC,496,2902787
email-Enron,DP-WCC,497,2902790
email-Enron,DP-WCC,498,2902792
email-Enron,DP-WCC,499,2902795
email-Enron,DP-WCC,500,2902798
email-Enron,DP-WCC,501,2902801
email-Enron,DP-WCC,502,2902803
email-Enron,DP-WCC,503,2902806
email-Enron,DP-WCC,504,2902809
email-Enron,DP-WCC,505,2902811
email-Enron,DP-WCC,506,2902814
email-Enron,DP-WCC,507,2902816
email-Enron,DP-WCC,508,2902819
email-Enron,DP-WCC,509,2902822
email-Enron,DP-WCC,510,2902824
email-Enron,DP-WCC,511,2902827
email-Enron,DP-WCC,512,2902830
email-Enron,DP-WCC,513,2902832
email-Enron,DP-WCC,514,2902835
email-Enron,DP-WCC,515,2902837
email-Enron,DP-WCC,516,2902840
email-Enron,DP-WCC,517,2902842
email-Enron,DP-WCC,518,2902845
email-Enron,DP-WCC,519,2902848
email-Enron,DP-WCC,520,2902850
email-Enron,DP-WCC,521,2902853
email-Enron,DP-WCC,522,2902855
email-Enron,DP-WCC,523,2902858
email-Enron,DP-WCC,524,2902861
email-Enron,DP-WCC,525,2902864
email-Enron,DP-WCC,526,2902866
email-Enron,DP-WCC,527,2902869
email-Enron,DP-WCC,528,2902871
email-Enron,DP-WCC,529,2902874
email-Enron,DP-WCC,530,2902877
email-Enron,DP-WCC,531,2902880
email-Enron,DP-WCC,532,2902882
email-Enron,DP-WCC,533,2902885
email-Enron,DP-WCC,534,2902887
email-Enron,DP-WCC,535,2902890
email-Enron,DP-WCC,536,2902893
email-Enron,DP-WCC,537,2902895
email-Enron,DP-WCC,538,2902898
email-Enron,DP-WCC,539,2902900
email-Enron,DP-WCC,540,2902903
email-Enron,DP-WCC,541,2902906
email-Enron,DP-WCC,542,2902908
email-Enron,DP-WCC,543,2902911
email-Enron,DP-WCC,544,2902913
email-Enron,DP-WCC,545,2902916
email-Enron,DP-WCC,546,2902918
email-Enron,DP-WCC,547,2902921
email-Enron,DP-WCC,548,2902924
email-Enron,DP-WCC,549,2902926
email-Enron,DP-WCC,550,2902929
email-Enron,DP-WCC,551,2902931
email-Enron,DP-WCC,552,2902934
email-Enron,DP-WCC,553,2902937
email-Enron,DP-WCC,554,2902939
email-Enron,DP-WCC,555,2902942
email-Enron,DP-WCC,556,2902944
email-Enron,DP-WCC,557,2902947
email-Enron,DP-WCC,558,2902949
email-Enron,DP-WCC,559,2902952
email-Enron,DP-WCC,560,2902955
email-Enron,DP-WCC,561,2902957
email-Enron,DP-WCC,562,2902960
email-Enron,DP-WCC,563,2902962
email-Enron,DP-WCC,564,2902965
email-Enron,DP-WCC,565,2902967
email-Enron,DP-WCC,566,2902970
email-Enron,DP-WCC,567,2902973
email-Enron,DP-WCC,568,2902975
email-Enron,DP-WCC,569,2902978
email-Enron,DP-WCC,570,2902980
email-Enron,DP-WCC,571,2902983
email-Enron,DP-WCC,572,2902986
email-Enron,DP-WCC,573,2902988
email-Enron,DP-WCC,574,2902991
email-Enron,DP-WCC,575,2902994
email-Enron,DP-WCC,576,2902996
email-Enron,DP-WCC,577,2902999
email-Enron,DP-WCC,578,2903001
email-Enron,DP-WCC,579,2903004
email-Enron,DP-WCC,580,2903007
email-Enron,DP-WCC,581,2903009
email-Enron,DP-WCC,582,2903012
email-Enron,DP-WCC,583,2903014
email-Enron,DP-WCC,584,2903017
email-Enron,DP-WCC,585,2903020
email-Enron,DP-WCC,586,2903022
email-Enron,DP-WCC,587,2903025
email-Enron,DP-WCC,588,2903028
email-Enron,DP-WCC,589,2903030
email-Enron,DP-WCC,590,2903033
email-Enron,DP-WCC,591,2903035
email-Enron,DP-WCC,592,2903038
email-Enron,DP-WCC,593,2903041
email-Enron,DP-WCC,594,2903043
email-Enron,DP-WCC,595,2903046
email-Enron,DP-WCC,596,2903048
email-Enron,DP-WCC,597,2903051
email-Enron,DP-WCC,598,2903054
email-Enron,DP-WCC,599,2903056
email-Enron,DP-WCC,600,2903059
email-Enron,DP-WCC,601,2903062
email-Enron,DP-WCC,602,2903064
email-Enron,DP-WCC,603,2903067
email-Enron,DP-WCC,604,2903070
email-Enron,DP-WCC,605,2903073
email-Enron,DP-WCC,606,2903076
email-Enron,DP-WCC,607,2903078
email-Enron,DP-WCC,608,2903082
email-Enron,DP-WCC,609,2903084
email-Enron,DP-WCC,610,2903087
email-Enron,DP-WCC,611,2903090
email-Enron,DP-WCC,612,2903093
email-Enron,DP-WCC,613,2903096
email-Enron,DP-WCC,614,2903098
email-Enron,DP-WCC,615,2903102
email-Enron,DP-WCC,616,2903104
email-Enron,DP-WCC,617,2903107
email-Enron,DP-WCC,618,2903208
email-Enron,DP-WCC,619,2903213
email-Enron,DP-WCC,620,2903216
email-Enron,DP-WCC,621,2903219
email-Enron,DP-WCC,622,2903221
email-Enron,DP-WCC,623,2903224
email-Enron,DP-WCC,624,2903227
email-Enron,DP-WCC,625,2903230
email-Enron,DP-WCC,626,2903232
email-Enron,DP-WCC,627,2903235
email-Enron,DP-WCC,628,2903238
email-Enron,DP-WCC,629,2903240
email-Enron,DP-WCC,630,2903243
email-Enron,DP-WCC,631,2903246
email-Enron,DP-WCC,632,2903248
email-Enron,DP-WCC,633,2903251
email-Enron,DP-WCC,634,2903253
email-Enron,DP-WCC,635,2903308
email-Enron,DP-WCC,636,2903313
email-Enron,DP-WCC,637,2903316
email-Enron,DP-WCC,638,2903319
email-Enron,DP-WCC,639,2903321
email-Enron,DP-WCC,640,2903324
email-Enron,DP-WCC,641,2903327
email-Enron,DP-WCC,642,2903329
email-Enron,DP-WCC,643,2903332
email-Enron,DP-WCC,644,2903335
email-Enron,DP-WCC,645,2903337
email-Enron,DP-WCC,646,2903340
email-Enron,DP-WCC,647,2903342
email-Enron,DP-WCC,648,2903345
email-Enron,DP-WCC,649,2903348
email-Enron,DP-WCC,650,2903350
email-Enron,DP-WCC,651,2903353
email-Enron,DP-WCC,652,2903355
email-Enron,DP-WCC,653,2903358
email-Enron,DP-WCC,654,2903361
email-Enron,DP-WCC,655,2903363
email-Enron,DP-WCC,656,2903366
email-Enron,DP-WCC,657,2903368
email-Enron,DP-WCC,658,2903371
email-Enron,DP-WCC,659,2903374
email-Enron,DP-WCC,660,2903376
email-Enron,DP-WCC,661,2903379
email-Enron,DP-WCC,662,2903382
email-Enron,DP-WCC,663,2903384
email-Enron,DP-WCC,664,2903387
email-Enron,DP-WCC,665,2903389
email-Enron,DP-WCC,666,2903392
email-Enron,DP-WCC,667,2903394
email-Enron,DP-WCC,668,2903397
email-Enron,DP-WCC,669,2903400
email-Enron,DP-WCC,670,2903402
email-Enron,DP-WCC,671,2903405
email-Enron,DP-WCC,672,2903408
email-Enron,DP-WCC,673,2903410
email-Enron,DP-WCC,674,2903413
email-Enron,DP-WCC,675,2903416
email-Enron,DP-WCC,676,2903418
email-Enron,DP-WCC,677,2903421
email-Enron,DP-WCC,678,2903424
email-Enron,DP-WCC,679,2903426
email-Enron,DP-WCC,680,2903429
email-Enron,DP-WCC,681,2903431
email-Enron,DP-WCC,682,2903434
email-Enron,DP-WCC,683,2903437
email-Enron,DP-WCC,684,2903439
email-Enron,DP-WCC,685,2903442
email-Enron,DP-WCC,686,2903445
email-Enron,DP-WCC,687,2903447
email-Enron,DP-WCC,688,2903450
email-Enron,DP-WCC,689,2903452
email-Enron,DP-WCC,690,2903455
email-Enron,DP-WCC,691,2903458
email-Enron,DP-WCC,692,2903460
email-Enron,DP-WCC,693,2903463
email-Enron,DP-WCC,694,2903466
email-Enron,DP-WCC,695,2903468
email-Enron,DP-WCC,696,2903471
email-Enron,DP-WCC,697,2903474
email-Enron,DP-WCC,698,2903476
email-Enron,DP-WCC,699,2903479
email-Enron,DP-WCC,700,2903482
email-Enron,DP-WCC,701,2903484
email-Enron,DP-WCC,702,2903487
email-Enron,DP-WCC,703,2903490
email-Enron,DP-WCC,704,2903492
email-Enron,DP-WCC,705,2903495
email-Enron,DP-WCC,706,2903498
email-Enron,DP-WCC,707,2903500
email-Enron,DP-WCC,708,2903503
email-Enron,DP-WCC,709,2903505
email-Enron,DP-WCC,710,2903508
email-Enron,DP-WCC,711,2903511
email-Enron,DP-WCC,712,2903513
email-Enron,DP-WCC,713,2903516
email-Enron,DP-WCC,714,2903519
email-Enron,DP-WCC,715,2903521
email-Enron,DP-WCC,716,2903524
email-Enron,DP-WCC,717,2903526
email-Enron,DP-WCC,718,2903529
email-Enron,DP-WCC,719,2903531
email-Enron,DP-WCC,720,2903534
email-Enron,DP-WCC,721,2903537
email-Enron,DP-WCC,722,2903539
email-Enron,DP-WCC,723,2903542
email-Enron,DP-WCC,724,2903544
email-Enron,DP-WCC,725,2903547
email-Enron,DP-WCC,726,2903550
email-Enron,DP-WCC,727,2903552
email-Enron,DP-WCC,728,2903555
email-Enron,DP-WCC,729,2903557
email-Enron,DP-WCC,730,2903560
email-Enron,DP-WCC,731,2903563
email-Enron,DP-WCC,732,2903565
email-Enron,DP-WCC,733,2903568
email-Enron,DP-WCC,734,2903571
email-Enron,DP-WCC,735,2903573
email-Enron,DP-WCC,736,2903576
email-Enron,DP-WCC,737,2903578
email-Enron,DP-WCC,738,2903581
email-Enron,DP-WCC,739,2903584
email-Enron,DP-WCC,740,2903586
email-Enron,DP-WCC,741,2903589
email-Enron,DP-WCC,742,2903591
email-Enron,DP-WCC,743,2903594
email-Enron,DP-WCC,744,2903597
email-Enron,DP-WCC,745,2903599
email-Enron,DP-WCC,746,2903602
email-Enron,DP-WCC,747,2903605
email-Enron,DP-WCC,748,2903607
email-Enron,DP-WCC,749,2903610
email-Enron,DP-WCC,750,2903613
email-Enron,DP-WCC,751,2903615
email-Enron,DP-WCC,752,2903618
email-Enron,DP-WCC,753,2903620
email-Enron,DP-WCC,754,2903623
email-Enron,DP-WCC,755,2903626
email-Enron,DP-WCC,756,2903628
email-Enron,DP-WCC,757,2903631
email-Enron,DP-WCC,758,2903633
email-Enron,DP-WCC,759,2903636
email-Enron,DP-WCC,760,2903639
email-Enron,DP-WCC,761,2903641
email-Enron,DP-WCC,762,2903644
email-Enron,DP-WCC,763,2903646
email-Enron,DP-WCC,764,2903649
email-Enron,DP-WCC,765,2903652
email-Enron,DP-WCC,766,2903654
email-Enron,DP-WCC,767,2903657
email-Enron,DP-WCC,768,2903659
email-Enron,DP-WCC,769,2903662
email-Enron,DP-WCC,770,2903665
email-Enron,DP-WCC,771,2903667
email-Enron,DP-WCC,772,2903670
email-Enron,DP-WCC,773,2903672
email-Enron,DP-WCC,774,2903675
email-Enron,DP-WCC,775,2903678
email-Enron,DP-WCC,776,2903680
email-Enron,DP-WCC,777,2903683
email-Enron,DP-WCC,778,2903685
email-Enron,DP-WCC,779,2903688
email-Enron,DP-WCC,780,2903690
email-Enron,DP-WCC,781,2903693
email-Enron,DP-WCC,782,2903791
email-Enron,DP-WCC,783,2903801
email-Enron,DP-WCC,784,2903804
email-Enron,DP-WCC,785,2903807
email-Enron,DP-WCC,786,2903810
email-Enron,DP-WCC,787,2903812
email-Enron,DP-WCC,788,2903815
email-Enron,DP-WCC,789,2903818
email-Enron,DP-WCC,790,2903820
email-Enron,DP-WCC,791,2903823
email-Enron,DP-WCC,792,2903826
email-Enron,DP-WCC,793,2903828
email-Enron,DP-WCC,794,2903831
email-Enron,DP-WCC,795,2903834
email-Enron,DP-WCC,796,2903836
email-Enron,DP-WCC,797,2903839
email-Enron,DP-WCC,798,2903842
email-Enron,DP-WCC,799,2903844
email-Enron,DP-WCC,800,2903847
email-Enron,DP-WCC,801,2903849
email-Enron,DP-WCC,802,2903852
email-Enron,DP-WCC,803,2903855
email-Enron,DP-WCC,804,2903857
email-Enron,DP-WCC,805,2903860
email-Enron,DP-WCC,806,2903862
email-Enron,DP-WCC,807,2903865
email-Enron,DP-WCC,808,2903868
email-Enron,DP-WCC,809,2903870
email-Enron,DP-WCC,810,2903873
email-Enron,DP-WCC,811,2903876
email-Enron,DP-WCC,812,2903878
email-Enron,DP-WCC,813,2903881
email-Enron,DP-WCC,814,2903883
email-Enron,DP-WCC,815,2903886
email-Enron,DP-WCC,816,2903889
email-Enron,DP-WCC,817,2903891
email-Enron,DP-WCC,818,2903894
email-Enron,DP-WCC,819,2903896
email-Enron,DP-WCC,820,2903899
email-Enron,DP-WCC,821,2903901
email-Enron,DP-WCC,822,2903904
email-Enron,DP-WCC,823,2903907
email-Enron,DP-WCC,824,2903909
email-Enron,DP-WCC,825,2903912
email-Enron,DP-WCC,826,2903914
email-Enron,DP-WCC,827,2903917
email-Enron,DP-WCC,828,2903920
email-Enron,DP-WCC,829,2903922
email-Enron,DP-WCC,830,2903925
email-Enron,DP-WCC,831,2903927
email-Enron,DP-WCC,832,2903930
email-Enron,DP-WCC,833,2903933
email-Enron,DP-WCC,834,2903935
email-Enron,DP-WCC,835,2903938
email-Enron,DP-WCC,836,2903941
email-Enron,DP-WCC,837,2903943
email-Enron,DP-WCC,838,2903946
email-Enron,DP-WCC,839,2903948
email-Enron,DP-WCC,840,2903951
email-Enron,DP-WCC,841,2903954
email-Enron,DP-WCC,842,2903956
email-Enron,DP-WCC,843,2903959
email-Enron,DP-WCC,844,2903961
email-Enron,DP-WCC,845,2903964
email-Enron,DP-WCC,846,2903967
email-Enron,DP-WCC,847,2903969
email-Enron,DP-WCC,848,2903972
email-Enron,DP-WCC,849,2903975
email-Enron,DP-WCC,850,2903977
email-Enron,DP-WCC,851,2903980
email-Enron,DP-WCC,852,2903983
email-Enron,DP-WCC,853,2903985
email-Enron,DP-WCC,854,2903988
email-Enron,DP-WCC,855,2903990
email-Enron,DP-WCC,856,2903993
email-Enron,DP-WCC,857,2903996
email-Enron,DP-WCC,858,2903998
email-Enron,DP-WCC,859,2904001
email-Enron,DP-WCC,860,2904004
email-Enron,DP-WCC,861,2904006
email-Enron,DP-WCC,862,2904009
email-Enron,DP-WCC,863,2904011
email-Enron,DP-WCC,864,2904014
email-Enron,DP-WCC,865,2904017
email-Enron,DP-WCC,866,2904019
email-Enron,DP-WCC,867,2904022
email-Enron,DP-WCC,868,2904025
email-Enron,DP-WCC,869,2904027
email-Enron,DP-WCC,870,2904030
email-Enron,DP-WCC,871,2904033
email-Enron,DP-WCC,872,2904035
email-Enron,DP-WCC,873,2904038
email-Enron,DP-WCC,874,2904040
email-Enron,DP-WCC,875,2904043
email-Enron,DP-WCC,876,2904046
email-Enron,DP-WCC,877,2904048
email-Enron,DP-WCC,878,2904051
email-Enron,DP-WCC,879,2904053
email-Enron,DP-WCC,880,2904056
email-Enron,DP-WCC,881,2904059
email-Enron,DP-WCC,882,2904061
email-Enron,DP-WCC,883,2904064
email-Enron,DP-WCC,884,2904066
email-Enron,DP-WCC,885,2904069
email-Enron,DP-WCC,886,2904072
email-Enron,DP-WCC,887,2904074
email-Enron,DP-WCC,888,2904077
email-Enron,DP-WCC,889,2904079
email-Enron,DP-WCC,890,2904082
email-Enron,DP-WCC,891,2904085
email-Enron,DP-WCC,892,2904087
email-Enron,DP-WCC,893,2904090
email-Enron,DP-WCC,894,2904092
email-Enron,DP-WCC,895,2904095
email-Enron,DP-WCC,896,2904098
email-Enron,DP-WCC,897,2904100
email-Enron,DP-WCC,898,2904103
email-Enron,DP-WCC,899,2904106
email-Enron,DP-WCC,900,2904108
email-Enron,DP-WCC,901,2904111
email-Enron,DP-WCC,902,2904113
email-Enron,DP-WCC,903,2904116
email-Enron,DP-WCC,904,2904119
email-Enron,DP-WCC,905,2904121
email-Enron,DP-WCC,906,2904124
email-Enron,DP-WCC,907,2904126
email-Enron,DP-WCC,908,2904129
email-Enron,DP-WCC,909,2904132
email-Enron,DP-WCC,910,2904134
email-Enron,DP-WCC,911,2904137
email-Enron,DP-WCC,912,2904139
email-Enron,DP-WCC,913,2904142
email-Enron,DP-WCC,914,2904145
email-Enron,DP-WCC,915,2904147
email-Enron,DP-WCC,916,2904150
email-Enron,DP-WCC,917,2904152
email-Enron,DP-WCC,918,2904155
email-Enron,DP-WCC,919,2904158
email-Enron,DP-WCC,920,2904160
email-Enron,DP-WCC,921,2904163
email-Enron,DP-WCC,922,2904165
email-Enron,DP-WCC,923,2904168
email-Enron,DP-WCC,924,2904171
email-Enron,DP-WCC,925,2904173
email-Enron,DP-WCC,926,2904176
email-Enron,DP-WCC,927,2904178
email-Enron,DP-WCC,928,2904181
email-Enron,DP-WCC,929,2904184
email-Enron,DP-WCC,930,2904186
email-Enron,DP-WCC,931,2904189
email-Enron,DP-WCC,932,2904191
email-Enron,DP-WCC,933,2904194
email-Enron,DP-WCC,934,2904197
email-Enron,DP-WCC,935,2904199
email-Enron,DP-WCC,936,2904202
email-Enron,DP-WCC,937,2904205
email-Enron,DP-WCC,938,2904207
email-Enron,DP-WCC,939,2904210
email-Enron,DP-WCC,940,2904212
email-Enron,DP-WCC,941,2904215
email-Enron,DP-WCC,942,2904217
email-Enron,DP-WCC,943,2904220
email-Enron,DP-WCC,944,2904223
email-Enron,DP-WCC,945,2904225
email-Enron,DP-WCC,946,2904327
email-Enron,DP-WCC,947,2904336
email-Enron,DP-WCC,948,2904340
email-Enron,DP-WCC,949,2904343
email-Enron,DP-WCC,950,2904394
email-Enron,DP-WCC,951,2904399
email-Enron,DP-WCC,952,2904402
email-Enron,DP-WCC,953,2904404
email-Enron,DP-WCC,954,2904407
email-Enron,DP-WCC,955,2904410
email-Enron,DP-WCC,956,2904413
email-Enron,DP-WCC,957,2904415
email-Enron,DP-WCC,958,2904418
email-Enron,DP-WCC,959,2904421
email-Enron,DP-WCC,960,2904423
email-Enron,DP-WCC,961,2904426
email-Enron,DP-WCC,962,2904429
email-Enron,DP-WCC,963,2904431
email-Enron,DP-WCC,964,2904434
email-Enron,DP-WCC,965,2904436
email-Enron,DP-WCC,966,2904439
email-Enron,DP-WCC,967,2904442
email-Enron,DP-WCC,968,2904444
email-Enron,DP-WCC,969,2904447
email-Enron,DP-WCC,970,2904449
email-Enron,DP-WCC,971,2904452
email-Enron,DP-WCC,972,2904455
email-Enron,DP-WCC,973,2904457
email-Enron,DP-WCC,974,2904460
email-Enron,DP-WCC,975,2904462
email-Enron,DP-WCC,976,2904465
email-Enron,DP-WCC,977,2904468
email-Enron,DP-WCC,978,2904470
email-Enron,DP-WCC,979,2904473
email-Enron,DP-WCC,980,2904475
email-Enron,DP-WCC,981,2904478
email-Enron,DP-WCC,982,2904480
email-Enron,DP-WCC,983,2904483
email-Enron,DP-WCC,984,2904486
email-Enron,DP-WCC,985,2904488
email-Enron,DP-WCC,986,2904491
email-Enron,DP-WCC,987,2904493
email-Enron,DP-WCC,988,2904496
email-Enron,DP-WCC,989,2904499
email-Enron,DP-WCC,990,2904501
email-Enron,DP-WCC,991,2904504
email-Enron,DP-WCC,992,2904507
email-Enron,DP-WCC,993,2904509
email-Enron,DP-WCC,994,2904512
email-Enron,DP-WCC,995,2904514
email-Enron,DP-WCC,996,2904517
email-Enron,DP-WCC,997,2904519
email-Enron,DP-WCC,998,2904522
email-Enron,DP-WCC,999,2904525
email-Enron,DP-WCC,1000,2904527
email-Enron,DP-WCC,1001,2904530
email-Enron,DP-WCC,1002,2904533
email-Enron,DP-WCC,1003,2904536
email-Enron,DP-WCC,1004,2904539
email-Enron,DP-WCC,1005,2904541
email-Enron,DP-WCC,1006,2904544
email-Enron,DP-WCC,1007,2904553
email-Enron,DP-WCC,1008,2904556
email-Enron,DP-WCC,1009,2904559
email-Enron,DP-WCC,1010,2904562
email-Enron,DP-WCC,1011,2904564
email-Enron,DP-WCC,1012,2904567
email-Enron,DP-WCC,1013,2904570
email-Enron,DP-WCC,1014,2904572
email-Enron,DP-WCC,1015,2904575
email-Enron,DP-WCC,1016,2904578
email-Enron,DP-WCC,1017,2904580
email-Enron,DP-WCC,1018,2904583
email-Enron,DP-WCC,1019,2904586
email-Enron,DP-WCC,1020,2904588
email-Enron,DP-WCC,1021,2904591
email-Enron,DP-WCC,1022,2904594
email-Enron,DP-WCC,1023,2904596
email-Enron,DP-WCC,1024,2904599
email-Enron,DP-WCC,1025,2904602
email-Enron,DP-WCC,1026,2904605
email-Enron,DP-WCC,1027,2904607
email-Enron,DP-WCC,1028,2904610
email-Enron,DP-WCC,1029,2904613
email-Enron,DP-WCC,1030,2904615
email-Enron,DP-WCC,1031,2904618
email-Enron,DP-WCC,1032,2904620
email-Enron,DP-WCC,1033,2904623
email-Enron,DP-WCC,1034,2904626
email-Enron,DP-WCC,1035,2904628
email-Enron,DP-WCC,1036,2904631
email-Enron,DP-WCC,1037,2904634
email-Enron,DP-WCC,1038,2904636
email-Enron,DP-WCC,1039,2904639
email-Enron,DP-WCC,1040,2904642
email-Enron,DP-WCC,1041,2904644
email-Enron,DP-WCC,1042,2904647
email-Enron,DP-WCC,1043,2904650
email-Enron,DP-WCC,1044,2904652
email-Enron,DP-WCC,1045,2904655
email-Enron,DP-WCC,1046,2904658
email-Enron,DP-WCC,1047,2904660
email-Enron,DP-WCC,1048,2904663
email-Enron,DP-WCC,1049,2904666
email-Enron,DP-WCC,1050,2904668
email-Enron,DP-WCC,1051,2904671
email-Enron,DP-WCC,1052,2904673
email-Enron,DP-WCC,1053,2904676
email-Enron,DP-WCC,1054,2904679
email-Enron,DP-WCC,1055,2904681
email-Enron,DP-WCC,1056,2904684
email-Enron,DP-WCC,1057,2904687
email-Enron,DP-WCC,1058,2904689
email-Enron,DP-WCC,1059,2904692
email-Enron,DP-WCC,1060,2904695
email-Enron,DP-WCC,1061,2904697
email-Enron,DP-WCC,1062,2904700
email-Enron,DP-WCC,1063,2904702
email-Enron,DP-WCC,1064,2904705
email-Enron,DP-WCC,1065,2904708
